-- phpMyAdmin SQL Dump
-- version 5.0.2
-- https://www.phpmyadmin.net/
--
-- Anamakine: 127.0.0.1:3306
-- Üretim Zamanı: 31 Ara 2021, 14:26:47
-- Sunucu sürümü: 5.7.31
-- PHP Sürümü: 7.3.21

SET SQL_MODE = "NO_AUTO_VALUE_ON_ZERO";
START TRANSACTION;
SET time_zone = "+00:00";


/*!40101 SET @OLD_CHARACTER_SET_CLIENT=@@CHARACTER_SET_CLIENT */;
/*!40101 SET @OLD_CHARACTER_SET_RESULTS=@@CHARACTER_SET_RESULTS */;
/*!40101 SET @OLD_COLLATION_CONNECTION=@@COLLATION_CONNECTION */;
/*!40101 SET NAMES utf8mb4 */;

--
-- Veritabanı: `aysehanim`
--

-- --------------------------------------------------------

--
-- Tablo için tablo yapısı `ci_sessions`
--

DROP TABLE IF EXISTS `ci_sessions`;
CREATE TABLE IF NOT EXISTS `ci_sessions` (
  `id` varchar(128) CHARACTER SET utf8 NOT NULL,
  `ip_address` varchar(45) CHARACTER SET utf8 NOT NULL,
  `data` blob NOT NULL,
  `timestamp` int(10) NOT NULL DEFAULT '0'
) ENGINE=InnoDB DEFAULT CHARSET=utf8 COLLATE=utf8_turkish_ci;



-- --------------------------------------------------------

--
-- Tablo için tablo yapısı `custom_fields`
--

DROP TABLE IF EXISTS `custom_fields`;
CREATE TABLE IF NOT EXISTS `custom_fields` (
  `id` int(11) NOT NULL AUTO_INCREMENT,
  `name_array` text,
  `field_type` varchar(20) DEFAULT NULL,
  `row_width` varchar(20) DEFAULT 'half',
  `is_required` tinyint(1) DEFAULT '0',
  `status` tinyint(1) DEFAULT '1',
  `field_order` int(11) DEFAULT '1',
  `is_product_filter` tinyint(1) DEFAULT '0',
  `product_filter_key` varchar(255) DEFAULT NULL,
  `sort_options` varchar(30) DEFAULT 'alphabetically',
  PRIMARY KEY (`id`)
) ENGINE=InnoDB AUTO_INCREMENT=10 DEFAULT CHARSET=utf8;

--
-- Tablo döküm verisi `custom_fields`
--

INSERT INTO `custom_fields` (`id`, `name_array`, `field_type`, `row_width`, `is_required`, `status`, `field_order`, `is_product_filter`, `product_filter_key`, `sort_options`) VALUES
(4, 'a:2:{i:0;a:2:{s:7:\"lang_id\";s:1:\"1\";s:4:\"name\";s:5:\"Color\";}i:1;a:2:{s:7:\"lang_id\";s:1:\"4\";s:4:\"name\";s:4:\"Renk\";}}', 'radio_button', 'full', 0, 1, 1, 1, 'renk', 'alphabetically'),
(6, 'a:2:{i:0;a:2:{s:7:\"lang_id\";s:1:\"1\";s:4:\"name\";s:4:\"Size\";}i:1;a:2:{s:7:\"lang_id\";s:1:\"4\";s:4:\"name\";s:3:\"Boy\";}}', 'radio_button', 'full', 0, 1, 1, 1, 'boy', 'alphabetically'),
(7, 'a:2:{i:0;a:2:{s:7:\"lang_id\";s:1:\"1\";s:4:\"name\";s:4:\"Size\";}i:1;a:2:{s:7:\"lang_id\";s:1:\"4\";s:4:\"name\";s:5:\"Beden\";}}', 'radio_button', 'full', 0, 1, 1, 1, 'cocuk-beden', 'alphabetically'),
(8, 'a:2:{i:0;a:2:{s:7:\"lang_id\";s:1:\"1\";s:4:\"name\";s:10:\"Yaş grubu\";}i:1;a:2:{s:7:\"lang_id\";s:1:\"4\";s:4:\"name\";s:10:\"Yaş grubu\";}}', 'radio_button', 'full', 0, 1, 1, 1, 'yas-grubu', 'alphabetically'),
(9, 'a:2:{i:0;a:2:{s:7:\"lang_id\";s:1:\"1\";s:4:\"name\";s:10:\"Homme size\";}i:1;a:2:{s:7:\"lang_id\";s:1:\"4\";s:4:\"name\";s:11:\"Erkek beden\";}}', 'radio_button', 'full', 0, 1, 1, 1, 'erkek-beden', 'alphabetically');

-- --------------------------------------------------------

--
-- Tablo için tablo yapısı `custom_fields_options`
--

DROP TABLE IF EXISTS `custom_fields_options`;
CREATE TABLE IF NOT EXISTS `custom_fields_options` (
  `id` int(11) NOT NULL AUTO_INCREMENT,
  `field_id` int(11) DEFAULT NULL,
  `option_key` varchar(500) DEFAULT NULL,
  PRIMARY KEY (`id`),
  KEY `idx_field_id` (`field_id`),
  KEY `idx_option_key` (`option_key`)
) ENGINE=InnoDB AUTO_INCREMENT=104 DEFAULT CHARSET=utf8;

--
-- Tablo döküm verisi `custom_fields_options`
--

INSERT INTO `custom_fields_options` (`id`, `field_id`, `option_key`) VALUES
(28, 4, 'siyah'),
(30, 4, 'gri'),
(31, 4, 'bej'),
(38, 6, 'xs'),
(39, 6, 's'),
(40, 6, 'm'),
(42, 6, 'l'),
(43, 6, 'xl'),
(44, 6, 'xxl'),
(45, 6, 'xxxl'),
(46, 4, 'pembe'),
(47, 4, 'mor'),
(48, 4, 'kirmizi'),
(49, 4, 'sari'),
(50, 4, 'mavi'),
(51, 4, 'turuncu'),
(52, 4, 'beyaz'),
(53, 4, 'gumus'),
(54, 4, 'altin'),
(55, 4, 'cok-renkli'),
(56, 4, 'haki'),
(57, 4, 'turkuaz'),
(58, 4, 'krem'),
(59, 4, 'kayisi'),
(60, 4, 'mercan'),
(61, 4, 'leylak'),
(62, 4, 'acik-mavi'),
(63, 4, 'deniz'),
(64, 4, 'koyu-yesil'),
(65, 4, 'hardal'),
(66, 4, 'nane'),
(67, 7, '7480'),
(68, 7, '8692'),
(69, 7, '98104'),
(70, 7, '110116'),
(71, 7, '122128'),
(72, 7, '134140'),
(73, 7, '146152'),
(74, 7, '158164'),
(75, 7, '170176'),
(76, 8, '1-3-yas'),
(77, 8, '3-6-yas'),
(78, 8, '6-12-yas'),
(79, 8, '12-17-yas'),
(80, 9, '3029'),
(81, 9, '3030'),
(82, 9, '3032'),
(83, 9, '3129'),
(84, 9, '3130'),
(85, 9, '3132'),
(86, 9, '3229'),
(87, 9, '3230'),
(88, 9, '3329'),
(89, 9, '3330'),
(90, 9, '3429'),
(91, 9, '3430'),
(92, 9, '3629'),
(93, 9, '3630'),
(94, 9, '3632'),
(95, 9, '3832'),
(96, 9, '44'),
(97, 9, '46'),
(98, 9, '48'),
(99, 9, '50'),
(100, 9, '52'),
(101, 9, '54'),
(102, 9, '56'),
(103, 9, '60');

-- --------------------------------------------------------

--
-- Tablo için tablo yapısı `custom_fields_options_lang`
--

DROP TABLE IF EXISTS `custom_fields_options_lang`;
CREATE TABLE IF NOT EXISTS `custom_fields_options_lang` (
  `id` int(11) NOT NULL AUTO_INCREMENT,
  `option_id` int(11) DEFAULT NULL,
  `lang_id` int(11) DEFAULT NULL,
  `option_name` varchar(255) DEFAULT NULL,
  PRIMARY KEY (`id`),
  KEY `idx_option_id` (`option_id`),
  KEY `idx_lang_id` (`lang_id`)
) ENGINE=InnoDB AUTO_INCREMENT=833 DEFAULT CHARSET=utf8;

--
-- Tablo döküm verisi `custom_fields_options_lang`
--

INSERT INTO `custom_fields_options_lang` (`id`, `option_id`, `lang_id`, `option_name`) VALUES
(49, 25, 1, 'Coton'),
(50, 25, 4, 'Coton'),
(51, 26, 1, 'LC Waikiki'),
(52, 26, 4, 'LC Waikiki'),
(53, 22, 1, 'Leather'),
(54, 22, 4, 'Deri'),
(55, 24, 1, 'Fabric Lining'),
(56, 24, 4, 'Kumaş Astar'),
(57, 23, 1, 'Synthetic'),
(58, 23, 4, 'Sentetik'),
(59, 18, 1, 'Silk'),
(60, 18, 4, 'İpek'),
(61, 17, 1, 'Leather'),
(62, 17, 4, 'Deri'),
(63, 19, 1, 'Cotton'),
(64, 19, 4, 'Pamuk'),
(65, 20, 1, 'Nylon'),
(66, 20, 4, 'Naylon'),
(67, 21, 1, 'Bamboo'),
(68, 21, 4, 'Bambu'),
(69, 27, 1, 'DeFacto'),
(70, 27, 4, 'DeFacto'),
(83, 32, 1, 'Used'),
(84, 32, 4, 'Kullanılmış'),
(85, 33, 1, 'New with tag'),
(86, 33, 4, 'Etiketli yeni'),
(89, 34, 1, 'New without tag'),
(90, 34, 4, 'Etiketsiz yeni'),
(91, 35, 1, 'Good condition'),
(92, 35, 4, 'İyi durumda'),
(93, 36, 1, 'Very good condition'),
(94, 36, 4, 'Çok iyi durumda'),
(95, 37, 1, 'Satisfactory'),
(96, 37, 4, 'Tatmin edici'),
(99, 39, 1, 'S'),
(100, 39, 4, 'S'),
(101, 40, 1, 'M'),
(102, 40, 4, 'M'),
(105, 42, 1, 'L'),
(106, 42, 4, 'L'),
(109, 44, 1, 'XXL'),
(110, 44, 4, 'XXL'),
(111, 38, 1, 'XS'),
(112, 38, 4, 'XS'),
(113, 43, 1, 'XL'),
(114, 43, 4, 'XL'),
(115, 45, 1, 'XXXL'),
(116, 45, 4, 'XXXL'),
(117, 28, 1, 'Black'),
(118, 28, 4, 'Siyah'),
(119, 30, 1, 'Grey'),
(120, 30, 4, 'Gri'),
(121, 31, 1, 'Black'),
(122, 31, 4, 'Bej'),
(123, 46, 1, 'Pembe'),
(124, 46, 4, 'Pembe'),
(125, 47, 1, 'Violet'),
(126, 47, 4, 'Mor'),
(127, 48, 1, 'Red'),
(128, 48, 4, 'Kırmızı'),
(129, 49, 1, 'Yellow'),
(130, 49, 4, 'Sarı'),
(131, 50, 1, 'Bleu'),
(132, 50, 4, 'Mavi'),
(133, 51, 1, 'Orange'),
(134, 51, 4, 'Turuncu'),
(135, 52, 1, 'White'),
(136, 52, 4, 'Beyaz'),
(137, 53, 1, 'Argent'),
(138, 53, 4, 'Gümüş'),
(139, 54, 1, 'Gold'),
(140, 54, 4, 'Altın'),
(141, 55, 1, 'Multicolor'),
(142, 55, 4, 'Çok Renkli'),
(143, 56, 1, 'Kaki'),
(144, 56, 4, 'Haki'),
(145, 57, 1, 'Turquoise'),
(146, 57, 4, 'Turkuaz'),
(147, 58, 1, 'Cream'),
(148, 58, 4, 'Krem'),
(149, 59, 1, 'Kayısı'),
(150, 59, 4, 'Kayısı'),
(151, 60, 1, 'Corail'),
(152, 60, 4, 'Mercan'),
(153, 61, 1, 'Lila'),
(154, 61, 4, 'Leylak'),
(155, 62, 1, 'Bleu claire'),
(156, 62, 4, 'Açık mavi'),
(157, 63, 1, 'Marine'),
(158, 63, 4, 'Deniz'),
(159, 64, 1, 'Vert foncé'),
(160, 64, 4, 'Koyu yeşil'),
(161, 65, 1, 'Moutarde'),
(162, 65, 4, 'Hardal'),
(163, 66, 1, 'Menthe'),
(164, 66, 4, 'Nane'),
(165, 67, 1, '74/80'),
(166, 67, 4, '74/80'),
(167, 68, 1, '86/92'),
(168, 68, 4, '86/92'),
(169, 69, 1, '98/104'),
(170, 69, 4, '98/104'),
(171, 70, 1, '110/116'),
(172, 70, 4, '110/116'),
(173, 71, 1, '122/128'),
(174, 71, 4, '122/128'),
(175, 72, 1, '134/140'),
(176, 72, 4, '134/140'),
(177, 73, 1, '146/152'),
(178, 73, 4, '146/152'),
(179, 74, 1, '158/164'),
(180, 74, 4, '158/164'),
(181, 75, 1, '170/176'),
(182, 75, 4, '170/176'),
(183, 76, 1, '1 - 3 Age'),
(184, 76, 4, '1 - 3 Yaş'),
(185, 77, 1, '3 - 6 Age'),
(186, 77, 4, '3 - 6 Yaş'),
(187, 78, 1, '6 - 12 Age'),
(188, 78, 4, '6 - 12 Yaş'),
(189, 79, 1, '12 - 17 Age'),
(190, 79, 4, '12 - 17 Yaş'),
(191, 80, 1, '30/29'),
(192, 80, 4, '30/29'),
(193, 81, 1, '30/30'),
(194, 81, 4, '30/30'),
(195, 82, 1, '30/32'),
(196, 82, 4, '30/32'),
(197, 83, 1, '31/29'),
(198, 83, 4, '31/29'),
(199, 84, 1, '31/30'),
(200, 84, 4, '31/30'),
(201, 85, 1, '31/32'),
(202, 85, 4, '31/32'),
(203, 86, 1, '32/29'),
(204, 86, 4, '32/29'),
(205, 87, 1, '32/30'),
(206, 87, 4, '32/30'),
(207, 88, 1, '33/29'),
(208, 88, 4, '33/29'),
(209, 89, 1, '33/30'),
(210, 89, 4, '33/30'),
(211, 90, 1, '34/29'),
(212, 90, 4, '34/29'),
(213, 91, 1, '34/30'),
(214, 91, 4, '34/30'),
(215, 92, 1, '36/29'),
(216, 92, 4, '36/29'),
(217, 93, 1, '36/30'),
(218, 93, 4, '36/30'),
(219, 94, 1, '36/32'),
(220, 94, 4, '36/32'),
(221, 95, 1, '38/32'),
(222, 95, 4, '38/32'),
(223, 96, 1, '44'),
(224, 96, 4, '44'),
(225, 97, 1, '46'),
(226, 97, 4, '46'),
(227, 98, 1, '48'),
(228, 98, 4, '48'),
(229, 99, 1, '50'),
(230, 99, 4, '50'),
(231, 100, 1, '52'),
(232, 100, 4, '52'),
(233, 101, 1, '54'),
(234, 101, 4, '54'),
(235, 102, 1, '56'),
(236, 102, 4, '56'),
(237, 103, 1, '60'),
(238, 103, 4, '60'),
(239, 1, 1, 'Gucci'),
(240, 1, 4, 'Gucci'),
(241, 2, 1, 'Adidas'),
(242, 2, 4, 'Adidas'),
(243, 3, 1, 'Burberry'),
(244, 3, 4, 'Burberry'),
(245, 4, 1, 'Tommy Hilfiger'),
(246, 4, 4, 'Tommy Hilfiger'),
(247, 5, 1, 'Hugo Boss'),
(248, 5, 4, 'Hugo Boss'),
(249, 6, 1, 'Nike'),
(250, 6, 4, 'Nike'),
(251, 7, 1, 'Ralph Lauren'),
(252, 7, 4, 'Ralph Lauren'),
(253, 8, 1, 'Mango'),
(254, 8, 4, 'Mango'),
(255, 9, 1, 'Lacoste'),
(256, 9, 4, 'Lacoste'),
(257, 10, 1, 'Diesel'),
(258, 10, 4, 'Diesel'),
(259, 11, 1, 'Prada'),
(260, 11, 4, 'Prada'),
(261, 12, 1, 'Armani'),
(262, 12, 4, 'Armani'),
(263, 13, 1, 'Puma'),
(264, 13, 4, 'Puma'),
(265, 14, 1, 'Nautica'),
(266, 14, 4, 'Nautica'),
(267, 15, 1, 'Lee'),
(268, 15, 4, 'Lee'),
(269, 16, 1, 'Banana Republic'),
(270, 16, 4, 'Banana Republic'),
(271, 104, 1, 'Mavi'),
(272, 104, 4, 'Mavi'),
(273, 105, 1, 'Koton'),
(274, 105, 4, 'Koton'),
(275, 106, 1, 'Defacto'),
(276, 106, 4, 'Defacto'),
(277, 107, 1, 'US Polo Assn'),
(278, 107, 4, 'US Polo Assn'),
(279, 108, 1, 'Pull & Bear'),
(280, 108, 4, 'Pull & Bear'),
(281, 109, 1, 'Kiğılı'),
(282, 109, 4, 'Kiğılı'),
(283, 110, 1, 'Pierre Cardin'),
(284, 110, 4, 'Pierre Cardin'),
(285, 111, 1, 'Jack & Jones'),
(286, 111, 4, 'Jack & Jones'),
(287, 112, 1, 'Bershka'),
(288, 112, 4, 'Bershka'),
(289, 113, 1, 'Avva'),
(290, 113, 4, 'Avva'),
(291, 114, 1, 'Mango Man'),
(292, 114, 4, 'Mango Man'),
(293, 115, 1, 'Tommy Hilfiger'),
(294, 115, 4, 'Tommy Hilfiger'),
(295, 116, 1, 'Lacoste'),
(296, 116, 4, 'Lacoste'),
(297, 117, 1, 'Altınyıldız Classics'),
(298, 117, 4, 'Altınyıldız Classics'),
(299, 118, 1, 'Levi\'s'),
(300, 118, 4, 'Levi\'s'),
(301, 119, 1, 'The North Face'),
(302, 119, 4, 'The North Face'),
(303, 120, 1, 'Ltb'),
(304, 120, 4, 'Ltb'),
(307, 122, 1, 'Columbia'),
(308, 122, 4, 'Columbia'),
(309, 123, 1, 'SÜVARİ'),
(310, 123, 4, 'SÜVARİ'),
(311, 124, 1, 'Lord T-Shirt'),
(312, 124, 4, 'Lord T-Shirt'),
(313, 125, 1, 'Angemiel'),
(314, 125, 4, 'Angemiel'),
(315, 126, 1, 'Tutku'),
(316, 126, 4, 'Tutku'),
(317, 127, 1, 'Berrak'),
(318, 127, 4, 'Berrak'),
(319, 128, 1, 'Art T-Shirt'),
(320, 128, 4, 'Art T-Shirt'),
(321, 129, 1, 'Madmext'),
(322, 129, 4, 'Madmext'),
(323, 130, 1, 'Julude'),
(324, 130, 4, 'Julude'),
(325, 131, 1, 'Usateamfans'),
(326, 131, 4, 'Usateamfans'),
(327, 132, 1, 'Cazador'),
(328, 132, 4, 'Cazador'),
(329, 133, 1, 'Kip'),
(330, 133, 4, 'Kip'),
(331, 134, 1, 'Bisse'),
(332, 134, 4, 'Bisse'),
(333, 135, 1, 'Doreanse'),
(334, 135, 4, 'Doreanse'),
(335, 121, 1, 'AC&Co / ALTINYILDIZ'),
(336, 121, 4, 'AC&Co / ALTINYILDIZ'),
(337, 136, 1, 'Jakamen'),
(338, 136, 4, 'Jakamen'),
(339, 137, 1, 'Blackspade'),
(340, 137, 4, 'Blackspade'),
(341, 138, 1, 'Diandor'),
(342, 138, 4, 'Diandor'),
(343, 139, 1, 'Modexl'),
(344, 139, 4, 'Modexl'),
(345, 140, 1, 'BROOKS BROTHERS'),
(346, 140, 4, 'BROOKS BROTHERS'),
(347, 141, 1, 'Kio Tasarım'),
(348, 141, 4, 'Kio Tasarım'),
(349, 142, 1, 'Catch'),
(350, 142, 4, 'Catch'),
(351, 143, 1, 'Tudors'),
(352, 143, 4, 'Tudors'),
(353, 144, 1, 'Mcl Giyim'),
(354, 144, 4, 'Mcl Giyim'),
(355, 145, 1, 'Cacharel'),
(356, 145, 4, 'Cacharel'),
(357, 146, 1, 'Lee Cooper'),
(358, 146, 4, 'Lee Cooper'),
(359, 147, 1, 'Kom'),
(360, 147, 4, 'Kom'),
(361, 148, 1, 'Bad Bear'),
(362, 148, 4, 'Bad Bear'),
(363, 149, 1, 'Namaldı'),
(364, 149, 4, 'Namaldı'),
(365, 150, 1, 'Giovane Gentile'),
(366, 150, 4, 'Giovane Gentile'),
(367, 151, 1, 'Paul&Shark'),
(368, 151, 4, 'Paul&Shark'),
(369, 152, 1, 'İmza'),
(370, 152, 4, 'İmza'),
(371, 153, 1, 'Twister Jeans'),
(372, 153, 4, 'Twister Jeans'),
(373, 154, 1, 'Mango'),
(374, 154, 4, 'Mango'),
(375, 155, 1, 'HUMMEL'),
(376, 155, 4, 'HUMMEL'),
(377, 156, 1, 'Ramsey'),
(378, 156, 4, 'Ramsey'),
(379, 157, 1, 'Dewberry'),
(380, 157, 4, 'Dewberry'),
(381, 158, 1, 'Ankaflex'),
(382, 158, 4, 'Ankaflex'),
(383, 159, 1, 'Nautica'),
(384, 159, 4, 'Nautica'),
(385, 160, 1, 'Tutku Elit'),
(386, 160, 4, 'Tutku Elit'),
(387, 161, 1, 'Köstebek'),
(388, 161, 4, 'Köstebek'),
(389, 162, 1, 'Lotto'),
(390, 162, 4, 'Lotto'),
(391, 163, 1, 'Simisso'),
(392, 163, 4, 'Simisso'),
(393, 164, 1, 'Collezione'),
(394, 164, 4, 'Collezione'),
(395, 165, 1, 'Kappa'),
(396, 165, 4, 'Kappa'),
(397, 166, 1, 'Xint'),
(398, 166, 4, 'Xint'),
(399, 167, 1, 'Buratti'),
(400, 167, 4, 'Buratti'),
(401, 168, 1, 'Erdem'),
(402, 168, 4, 'Erdem'),
(403, 169, 1, 'D\'S Damat'),
(404, 169, 4, 'D\'S Damat'),
(405, 170, 1, 'Arlin'),
(406, 170, 4, 'Arlin'),
(407, 171, 1, 'Tshigo'),
(408, 171, 4, 'Tshigo'),
(409, 172, 1, 'Loft'),
(410, 172, 4, 'Loft'),
(411, 173, 1, 'Hatemoğlu'),
(412, 173, 4, 'Hatemoğlu'),
(413, 174, 1, 'Şahinler'),
(414, 174, 4, 'Şahinler'),
(415, 175, 1, 'Centone'),
(416, 175, 4, 'Centone'),
(417, 176, 1, 'GAP'),
(418, 176, 4, 'GAP'),
(419, 177, 1, 'Malabadi'),
(420, 177, 4, 'Malabadi'),
(421, 178, 1, 'Gant'),
(422, 178, 4, 'Gant'),
(423, 179, 1, 'Çift Kaplan'),
(424, 179, 4, 'Çift Kaplan'),
(425, 180, 1, 'Marks & Spencer'),
(426, 180, 4, 'Marks & Spencer'),
(427, 181, 1, 'Exuma'),
(428, 181, 4, 'Exuma'),
(429, 182, 1, 'Slazenger'),
(430, 182, 4, 'Slazenger'),
(431, 183, 1, 'Terapi Men'),
(432, 183, 4, 'Terapi Men'),
(433, 184, 1, 'Lescon'),
(434, 184, 4, 'Lescon'),
(435, 185, 1, 'Seher Yıldızı'),
(436, 185, 4, 'Seher Yıldızı'),
(437, 186, 1, 'Eros'),
(438, 186, 4, 'Eros'),
(439, 187, 1, 'Emporio Armani'),
(440, 187, 4, 'Emporio Armani'),
(441, 188, 1, 'Calvin Klein'),
(442, 188, 4, 'Calvin Klein'),
(443, 189, 1, 'Sateen Men'),
(444, 189, 4, 'Sateen Men'),
(445, 190, 1, 'Jiber'),
(446, 190, 4, 'Jiber'),
(447, 191, 1, 'Tommy Life'),
(448, 191, 4, 'Tommy Life'),
(449, 192, 1, 'Oksit'),
(450, 192, 4, 'Oksit'),
(451, 193, 1, 'Cicimod'),
(452, 193, 4, 'Cicimod'),
(453, 194, 1, 'Quiksilver'),
(454, 194, 4, 'Quiksilver'),
(455, 195, 1, 'Network'),
(456, 195, 4, 'Network'),
(457, 196, 1, 'Rock & Roll'),
(458, 196, 4, 'Rock & Roll'),
(459, 197, 1, 'W Collection'),
(460, 197, 4, 'W Collection'),
(461, 198, 1, 'Camp David'),
(462, 198, 4, 'Camp David'),
(463, 199, 1, 'Mudo'),
(464, 199, 4, 'Mudo'),
(465, 200, 1, 'uhlsport'),
(466, 200, 4, 'uhlsport'),
(467, 201, 1, 'DeepSea'),
(468, 201, 4, 'DeepSea'),
(469, 202, 1, 'Mcr'),
(470, 202, 4, 'Mcr'),
(471, 203, 1, 'Dynamo'),
(472, 203, 4, 'Dynamo'),
(473, 204, 1, 'Mısırlı'),
(474, 204, 4, 'Mısırlı'),
(475, 205, 1, 'BLU'),
(476, 205, 4, 'BLU'),
(477, 206, 1, 'Fabrika'),
(478, 206, 4, 'Fabrika'),
(479, 207, 1, 'Seher'),
(480, 207, 4, 'Seher'),
(481, 208, 1, 'Hemington'),
(482, 208, 4, 'Hemington'),
(483, 209, 1, 'Duca Blanca'),
(484, 209, 4, 'Duca Blanca'),
(485, 210, 1, 'Jack Wolfskin'),
(486, 210, 4, 'Jack Wolfskin'),
(487, 211, 1, 'Armani Exchange'),
(488, 211, 4, 'Armani Exchange'),
(489, 212, 1, 'Varetta'),
(490, 212, 4, 'Varetta'),
(491, 213, 1, 'Fullamoda'),
(492, 213, 4, 'Fullamoda'),
(493, 214, 1, 'Adze'),
(494, 214, 4, 'Adze'),
(495, 215, 1, 'Dagi'),
(496, 215, 4, 'Dagi'),
(497, 216, 1, 'Vans'),
(498, 216, 4, 'Vans'),
(499, 217, 1, 'Fc Plus'),
(500, 217, 4, 'Fc Plus'),
(501, 218, 1, 'Lufian'),
(502, 218, 4, 'Lufian'),
(503, 219, 1, 'Lumberjack'),
(504, 219, 4, 'Lumberjack'),
(505, 220, 1, 'Efor'),
(506, 220, 4, 'Efor'),
(507, 221, 1, 'Sarar'),
(508, 221, 4, 'Sarar'),
(509, 222, 1, 'Mod Collection'),
(510, 222, 4, 'Mod Collection'),
(511, 223, 1, 'People By Fabrika'),
(512, 223, 4, 'People By Fabrika'),
(513, 224, 1, 'Superfly'),
(514, 224, 4, 'Superfly'),
(515, 225, 1, 'Dufy'),
(516, 225, 4, 'Dufy'),
(517, 226, 1, 'Marketimgel'),
(518, 226, 4, 'Marketimgel'),
(519, 227, 1, 'Tween'),
(520, 227, 4, 'Tween'),
(521, 228, 1, 'Brango'),
(522, 228, 4, 'Brango'),
(523, 229, 1, 'Massimo Dutti'),
(524, 229, 4, 'Massimo Dutti'),
(525, 230, 1, 'John Frank'),
(526, 230, 4, 'John Frank'),
(527, 231, 1, 'Obje'),
(528, 231, 4, 'Obje'),
(529, 232, 1, 'Türen'),
(530, 232, 4, 'Türen'),
(531, 233, 1, 'Dericlub'),
(532, 233, 4, 'Dericlub'),
(533, 234, 1, 'Umbro'),
(534, 234, 4, 'Umbro'),
(535, 235, 1, 'Sude'),
(536, 235, 4, 'Sude'),
(537, 236, 1, 'Darkzone'),
(538, 236, 4, 'Darkzone'),
(539, 237, 1, 'Daniel Bessi'),
(540, 237, 4, 'Daniel Bessi'),
(541, 238, 1, 'Hateko'),
(542, 238, 4, 'Hateko'),
(543, 239, 1, 'Diesel'),
(544, 239, 4, 'Diesel'),
(545, 240, 1, 'New Balance'),
(546, 240, 4, 'New Balance'),
(547, 241, 1, 'Lafaba'),
(548, 241, 4, 'Lafaba'),
(549, 242, 1, 'Mondo'),
(550, 242, 4, 'Mondo'),
(551, 243, 1, 'LİMON COMPANY'),
(552, 243, 4, 'LİMON COMPANY'),
(553, 244, 1, 'Eliş Şile Bezi'),
(554, 244, 4, 'Eliş Şile Bezi'),
(555, 245, 1, 'Speedlife'),
(556, 245, 4, 'Speedlife'),
(557, 246, 1, 'Umberto'),
(558, 246, 4, 'Umberto'),
(559, 247, 1, 'Buenza'),
(560, 247, 4, 'Buenza'),
(561, 248, 1, 'Damat'),
(562, 248, 4, 'Damat'),
(563, 249, 1, 'Sementa'),
(564, 249, 4, 'Sementa'),
(565, 250, 1, 'Ecko Unltd'),
(566, 250, 4, 'Ecko Unltd'),
(567, 251, 1, 'Z GİYİM'),
(568, 251, 4, 'Z GİYİM'),
(569, 252, 1, 'TWN'),
(570, 252, 4, 'TWN'),
(571, 253, 1, 'Dockers'),
(572, 253, 4, 'Dockers'),
(573, 254, 1, 'BSM'),
(574, 254, 4, 'BSM'),
(575, 255, 1, 'Bilgiçler'),
(576, 255, 4, 'Bilgiçler'),
(577, 256, 1, 'Anıl'),
(578, 256, 4, 'Anıl'),
(579, 257, 1, 'Reebok'),
(580, 257, 4, 'Reebok'),
(581, 258, 1, 'İgs'),
(582, 258, 4, 'İgs'),
(583, 259, 1, 'Desen Triko'),
(584, 259, 4, 'Desen Triko'),
(585, 260, 1, '2AS'),
(586, 260, 4, '2AS'),
(587, 261, 1, 'Skechers'),
(588, 261, 4, 'Skechers'),
(589, 262, 1, 'La Blinque'),
(590, 262, 4, 'La Blinque'),
(591, 263, 1, 'Ferraro'),
(592, 263, 4, 'Ferraro'),
(593, 264, 1, 'GOLDENBAY'),
(594, 264, 4, 'GOLDENBAY'),
(595, 265, 1, 'Hugo Boss'),
(596, 265, 4, 'Hugo Boss'),
(597, 266, 1, 'Bigazzi'),
(598, 266, 4, 'Bigazzi'),
(599, 267, 1, 'Billabong'),
(600, 267, 4, 'Billabong'),
(601, 268, 1, 'Timberland'),
(602, 268, 4, 'Timberland'),
(603, 269, 1, 'Rodi'),
(604, 269, 4, 'Rodi'),
(605, 270, 1, 'Emay'),
(606, 270, 4, 'Emay'),
(607, 271, 1, 'VEAVEN'),
(608, 271, 4, 'VEAVEN'),
(609, 272, 1, 'Rodi Jeans'),
(610, 272, 4, 'Rodi Jeans'),
(611, 273, 1, 'Nbb'),
(612, 273, 4, 'Nbb'),
(613, 274, 1, 'Densmood'),
(614, 274, 4, 'Densmood'),
(615, 275, 1, 'ROUTEFIELD'),
(616, 275, 4, 'ROUTEFIELD'),
(617, 276, 1, 'KOTA'),
(618, 276, 4, 'KOTA'),
(619, 277, 1, 'Panthzer'),
(620, 277, 4, 'Panthzer'),
(621, 278, 1, 'Aeropostale'),
(622, 278, 4, 'Aeropostale'),
(623, 279, 1, 'Arnetta'),
(624, 279, 4, 'Arnetta'),
(625, 280, 1, 'Aydoğan'),
(626, 280, 4, 'Aydoğan'),
(627, 281, 1, 'Pjs Pijama'),
(628, 281, 4, 'Pjs Pijama'),
(629, 282, 1, 'ADVANTE'),
(630, 282, 4, 'ADVANTE'),
(631, 283, 1, 'çorapmanya'),
(632, 283, 4, 'çorapmanya'),
(633, 284, 1, 'Comienzo'),
(634, 284, 4, 'Comienzo'),
(635, 285, 1, 'Little Cup'),
(636, 285, 4, 'Little Cup'),
(637, 286, 1, 'Uptown'),
(638, 286, 4, 'Uptown'),
(639, 287, 1, 'Salomon'),
(640, 287, 4, 'Salomon'),
(641, 288, 1, 'Panda'),
(642, 288, 4, 'Panda'),
(643, 289, 1, 'EA7'),
(644, 289, 4, 'EA7'),
(645, 290, 1, 'Guess'),
(646, 290, 4, 'Guess'),
(647, 291, 1, 'Barbour'),
(648, 291, 4, 'Barbour'),
(649, 292, 1, 'Five Pocket'),
(650, 292, 4, 'Five Pocket'),
(651, 293, 1, 'bilcee'),
(652, 293, 4, 'bilcee'),
(653, 294, 1, 'SPEEDO'),
(654, 294, 4, 'SPEEDO'),
(655, 295, 1, 'BARRELS AND OIL'),
(656, 295, 4, 'BARRELS AND OIL'),
(657, 296, 1, 'Mayoral'),
(658, 296, 4, 'Mayoral'),
(659, 297, 1, 'Only & Sons'),
(660, 297, 4, 'Only & Sons'),
(661, 298, 1, 'Wrangler'),
(662, 298, 4, 'Wrangler'),
(663, 299, 1, 'National Geographic'),
(664, 299, 4, 'National Geographic'),
(665, 300, 1, 'Guda'),
(666, 300, 4, 'Guda'),
(667, 301, 1, 'Galvanni'),
(668, 301, 4, 'Galvanni'),
(669, 302, 1, 'Ruck & Maul'),
(670, 302, 4, 'Ruck & Maul'),
(671, 303, 1, 'PIQUE'),
(672, 303, 4, 'PIQUE'),
(673, 304, 1, 'Hmd'),
(674, 304, 4, 'Hmd'),
(675, 305, 1, 'Giorgio Di Mare'),
(676, 305, 4, 'Giorgio Di Mare'),
(677, 306, 1, 'Sedef'),
(678, 306, 4, 'Sedef'),
(679, 307, 1, 'HYPERS'),
(680, 307, 4, 'HYPERS'),
(681, 308, 1, 'Freecamp'),
(682, 308, 4, 'Freecamp'),
(683, 309, 1, 'Ucla'),
(684, 309, 4, 'Ucla'),
(685, 310, 1, 'TRYON'),
(686, 310, 4, 'TRYON'),
(687, 311, 1, 'Superlife'),
(688, 311, 4, 'Superlife'),
(689, 312, 1, 'Bikutumutluluk'),
(690, 312, 4, 'Bikutumutluluk'),
(691, 313, 1, 'Galatasaray'),
(692, 313, 4, 'Galatasaray'),
(693, 314, 1, 'Paşahan'),
(694, 314, 4, 'Paşahan'),
(695, 315, 1, 'Özgür Çoraplar'),
(696, 315, 4, 'Özgür Çoraplar'),
(697, 316, 1, 'For Dreams'),
(698, 316, 4, 'For Dreams'),
(699, 317, 1, 'XHAN'),
(700, 317, 4, 'XHAN'),
(701, 318, 1, 'Manche'),
(702, 318, 4, 'Manche'),
(703, 319, 1, 'rennway'),
(704, 319, 4, 'rennway'),
(705, 320, 1, 'Kinetix'),
(706, 320, 4, 'Kinetix'),
(707, 321, 1, 'Thermoform'),
(708, 321, 4, 'Thermoform'),
(709, 322, 1, 'Vienetta'),
(710, 322, 4, 'Vienetta'),
(711, 323, 1, 'Dorea'),
(712, 323, 4, 'Dorea'),
(713, 324, 1, 'More'),
(714, 324, 4, 'More'),
(715, 325, 1, 'Öts'),
(716, 325, 4, 'Öts'),
(717, 326, 1, 'Crozwise'),
(718, 326, 4, 'Crozwise'),
(719, 327, 1, 'Tena Moda'),
(720, 327, 4, 'Tena Moda'),
(721, 328, 1, 'Airlife'),
(722, 328, 4, 'Airlife'),
(723, 329, 1, 'Relax Mode'),
(724, 329, 4, 'Relax Mode'),
(725, 330, 1, 'CARNAVAL SOCKS'),
(726, 330, 4, 'CARNAVAL SOCKS'),
(727, 331, 1, 'Svm'),
(728, 331, 4, 'Svm'),
(729, 332, 1, 'Penyelux'),
(730, 332, 4, 'Penyelux'),
(731, 333, 1, 'Versace'),
(732, 333, 4, 'Versace'),
(733, 334, 1, 'Mustang'),
(734, 334, 4, 'Mustang'),
(735, 335, 1, 'Diadora'),
(736, 335, 4, 'Diadora'),
(737, 336, 1, 'Zoom'),
(738, 336, 4, 'Zoom'),
(739, 337, 1, 'Sportive'),
(740, 337, 4, 'Sportive'),
(741, 338, 1, 'Giyenbilir'),
(742, 338, 4, 'Giyenbilir'),
(743, 339, 1, 'Silyon Askeri Giyim'),
(744, 339, 4, 'Silyon Askeri Giyim'),
(745, 340, 1, 'VENA'),
(746, 340, 4, 'VENA'),
(747, 341, 1, 'Fenerbahçe'),
(748, 341, 4, 'Fenerbahçe'),
(749, 342, 1, 'Norfolk'),
(750, 342, 4, 'Norfolk'),
(751, 343, 1, 'Rey Polo'),
(752, 343, 4, 'Rey Polo'),
(753, 344, 1, 'Asics'),
(754, 344, 4, 'Asics'),
(755, 345, 1, 'Kompedan'),
(756, 345, 4, 'Kompedan'),
(757, 346, 1, 'YEACHY'),
(758, 346, 4, 'YEACHY'),
(759, 347, 1, 'Musto'),
(760, 347, 4, 'Musto'),
(761, 348, 1, 'Moschino'),
(762, 348, 4, 'Moschino'),
(763, 349, 1, 'Otto Moda'),
(764, 349, 4, 'Otto Moda'),
(765, 350, 1, 'Pelikan'),
(766, 350, 4, 'Pelikan'),
(767, 351, 1, 'Rolypoly'),
(768, 351, 4, 'Rolypoly'),
(769, 352, 1, 'Sabri Özel'),
(770, 352, 4, 'Sabri Özel'),
(771, 353, 1, 'Art\'s'),
(772, 353, 4, 'Art\'s'),
(773, 354, 1, 'Port Royale'),
(774, 354, 4, 'Port Royale'),
(775, 355, 1, 'NİYAZİ ERDOĞAN'),
(776, 355, 4, 'NİYAZİ ERDOĞAN'),
(777, 356, 1, 'Ef Butik'),
(778, 356, 4, 'Ef Butik'),
(779, 357, 1, 'Arena'),
(780, 357, 4, 'Arena'),
(781, 358, 1, 'Cashmere'),
(782, 358, 4, 'Cashmere'),
(783, 359, 1, 'Socks Stations'),
(784, 359, 4, 'Socks Stations'),
(785, 360, 1, 'Iceberg'),
(786, 360, 4, 'Iceberg'),
(787, 361, 1, 'AllSaints'),
(788, 361, 4, 'AllSaints'),
(789, 362, 1, 'ÖZKAN underwear'),
(790, 362, 4, 'ÖZKAN underwear'),
(791, 363, 1, 'Teverler'),
(792, 363, 4, 'Teverler'),
(793, 364, 1, 'Sh Mağazacılık'),
(794, 364, 4, 'Sh Mağazacılık'),
(795, 365, 1, 'Giza House'),
(796, 365, 4, 'Giza House'),
(797, 366, 1, 'Ghassy Co'),
(798, 366, 4, 'Ghassy Co'),
(799, 367, 1, 'Otantik'),
(800, 367, 4, 'Otantik'),
(801, 368, 1, 'Mizuno'),
(802, 368, 4, 'Mizuno'),
(803, 369, 1, 'Merrell'),
(804, 369, 4, 'Merrell'),
(805, 370, 1, 'Lenasso'),
(806, 370, 4, 'Lenasso'),
(807, 371, 1, 'Desa'),
(808, 371, 4, 'Desa'),
(809, 372, 1, 'Kemal Tanca'),
(810, 372, 4, 'Kemal Tanca'),
(811, 373, 1, 'Retro'),
(812, 373, 4, 'Retro'),
(813, 374, 1, 'CCS Sarar'),
(814, 374, 4, 'CCS Sarar'),
(815, 375, 1, 'G-STAR RAW'),
(816, 375, 4, 'G-STAR RAW'),
(817, 376, 1, 'Pixter Bro'),
(818, 376, 4, 'Pixter Bro'),
(819, 377, 1, 'Delpino'),
(820, 377, 4, 'Delpino'),
(821, 378, 1, 'josejuan'),
(822, 378, 4, 'josejuan'),
(823, 379, 1, 'Lee'),
(824, 379, 4, 'Lee'),
(825, 380, 1, 'Kevin'),
(826, 380, 4, 'Kevin'),
(827, 381, 1, 'Deriza'),
(828, 381, 4, 'Deriza'),
(829, 382, 1, 'Katia & Bony'),
(830, 382, 4, 'Katia & Bony'),
(831, 383, 1, 'Bross'),
(832, 383, 4, 'Bross');

-- --------------------------------------------------------

--
-- Tablo için tablo yapısı `custom_fields_product`
--

DROP TABLE IF EXISTS `custom_fields_product`;
CREATE TABLE IF NOT EXISTS `custom_fields_product` (
  `id` int(11) NOT NULL AUTO_INCREMENT,
  `field_id` int(11) DEFAULT NULL,
  `product_id` int(11) DEFAULT NULL,
  `product_filter_key` varchar(255) DEFAULT NULL,
  `field_value` varchar(1000) DEFAULT NULL,
  `selected_option_id` int(11) DEFAULT NULL,
  PRIMARY KEY (`id`),
  KEY `idx_field_id` (`field_id`),
  KEY `idx_product_id` (`product_id`),
  KEY `idx_selected_option_id` (`selected_option_id`)
) ENGINE=InnoDB AUTO_INCREMENT=109 DEFAULT CHARSET=utf8;

--
-- Tablo döküm verisi `custom_fields_product`
--

INSERT INTO `custom_fields_product` (`id`, `field_id`, `product_id`, `product_filter_key`, `field_value`, `selected_option_id`) VALUES
(105, 4, 56, 'renk', '', 62),
(106, 5, 56, 'durum', '', 36),
(107, 7, 56, 'cocuk-beden', '', 70),
(108, 8, 56, 'yas-grubu', '', 79);

-- --------------------------------------------------------

--
-- Tablo için tablo yapısı `earnings`
--

DROP TABLE IF EXISTS `earnings`;
CREATE TABLE IF NOT EXISTS `earnings` (
  `id` int(11) NOT NULL AUTO_INCREMENT,
  `user_id` int(11) NOT NULL,
  `user_name` varchar(150) COLLATE utf8_turkish_ci NOT NULL,
  `order_id` int(11) NOT NULL,
  `created_at` timestamp NOT NULL DEFAULT CURRENT_TIMESTAMP,
  `total` int(11) NOT NULL DEFAULT '0',
  `commission_rate` int(3) NOT NULL DEFAULT '0',
  `order_total` int(11) NOT NULL,
  `order_number` int(11) NOT NULL,
  PRIMARY KEY (`id`)
) ENGINE=InnoDB AUTO_INCREMENT=4 DEFAULT CHARSET=utf8 COLLATE=utf8_turkish_ci;

--
-- Tablo döküm verisi `earnings`
--

INSERT INTO `earnings` (`id`, `user_id`, `user_name`, `order_id`, `created_at`, `total`, `commission_rate`, `order_total`, `order_number`) VALUES
(3, 4, 'Rüstem Sarıca', 7, '2021-12-30 01:28:23', 1695, 10, 16950, 869355585);

-- --------------------------------------------------------

--
-- Tablo için tablo yapısı `ilceler`
--

DROP TABLE IF EXISTS `ilceler`;
CREATE TABLE IF NOT EXISTS `ilceler` (
  `id` int(4) NOT NULL AUTO_INCREMENT,
  `il` varchar(50) COLLATE utf8_turkish_ci NOT NULL,
  `ilce` varchar(50) COLLATE utf8_turkish_ci NOT NULL,
  PRIMARY KEY (`id`)
) ENGINE=InnoDB AUTO_INCREMENT=974 DEFAULT CHARSET=utf8 COLLATE=utf8_turkish_ci;

--
-- Tablo döküm verisi `ilceler`
--

INSERT INTO `ilceler` (`id`, `il`, `ilce`) VALUES
(1, 'ADANA', 'ALADAĞ'),
(2, 'ADANA', 'CEYHAN'),
(3, 'ADANA', 'ÇUKUROVA'),
(4, 'ADANA', 'FEKE'),
(5, 'ADANA', 'İMAMOĞLU'),
(6, 'ADANA', 'KARAİSALI'),
(7, 'ADANA', 'KARATAŞ'),
(8, 'ADANA', 'KOZAN'),
(9, 'ADANA', 'POZANTI'),
(10, 'ADANA', 'SAİMBEYLİ'),
(11, 'ADANA', 'SARIÇAM'),
(12, 'ADANA', 'SEYHAN'),
(13, 'ADANA', 'TUFANBEYLİ'),
(14, 'ADANA', 'YUMURTALIK'),
(15, 'ADANA', 'YÜREĞİR'),
(16, 'ADIYAMAN', 'BESNİ'),
(17, 'ADIYAMAN', 'ÇELİKHAN'),
(18, 'ADIYAMAN', 'GERGER'),
(19, 'ADIYAMAN', 'GÖLBAŞI'),
(20, 'ADIYAMAN', 'KAHTA'),
(21, 'ADIYAMAN', 'MERKEZ'),
(22, 'ADIYAMAN', 'SAMSAT'),
(23, 'ADIYAMAN', 'SİNCİK'),
(24, 'ADIYAMAN', 'TUT'),
(25, 'AFYONKARAHİSAR', 'BAŞMAKÇI'),
(26, 'AFYONKARAHİSAR', 'BAYAT'),
(27, 'AFYONKARAHİSAR', 'BOLVADİN'),
(28, 'AFYONKARAHİSAR', 'ÇAY'),
(29, 'AFYONKARAHİSAR', 'ÇOBANLAR'),
(30, 'AFYONKARAHİSAR', 'DAZKIRI'),
(31, 'AFYONKARAHİSAR', 'DİNAR'),
(32, 'AFYONKARAHİSAR', 'EMİRDAĞ'),
(33, 'AFYONKARAHİSAR', 'EVCİLER'),
(34, 'AFYONKARAHİSAR', 'HOCALAR'),
(35, 'AFYONKARAHİSAR', 'İHSANİYE'),
(36, 'AFYONKARAHİSAR', 'İSCEHİSAR'),
(37, 'AFYONKARAHİSAR', 'KIZILÖREN'),
(38, 'AFYONKARAHİSAR', 'MERKEZ'),
(39, 'AFYONKARAHİSAR', 'SANDIKLI'),
(40, 'AFYONKARAHİSAR', 'SİNANPAŞA'),
(41, 'AFYONKARAHİSAR', 'SULTANDAĞI'),
(42, 'AFYONKARAHİSAR', 'ŞUHUT'),
(43, 'AĞRI', 'DİYADİN'),
(44, 'AĞRI', 'DOĞUBAYAZIT'),
(45, 'AĞRI', 'ELEŞKİRT'),
(46, 'AĞRI', 'HAMUR'),
(47, 'AĞRI', 'MERKEZ'),
(48, 'AĞRI', 'PATNOS'),
(49, 'AĞRI', 'TAŞLIÇAY'),
(50, 'AĞRI', 'TUTAK'),
(51, 'AKSARAY', 'AĞAÇÖREN'),
(52, 'AKSARAY', 'ESKİL'),
(53, 'AKSARAY', 'GÜLAĞAÇ'),
(54, 'AKSARAY', 'GÜZELYURT'),
(55, 'AKSARAY', 'MERKEZ'),
(56, 'AKSARAY', 'ORTAKÖY'),
(57, 'AKSARAY', 'SARIYAHŞİ'),
(58, 'AKSARAY', 'SULTANHANI'),
(59, 'AMASYA', 'GÖYNÜCEK'),
(60, 'AMASYA', 'GÜMÜŞHACIKÖY'),
(61, 'AMASYA', 'HAMAMÖZÜ'),
(62, 'AMASYA', 'MERKEZ'),
(63, 'AMASYA', 'MERZİFON'),
(64, 'AMASYA', 'SULUOVA'),
(65, 'AMASYA', 'TAŞOVA'),
(66, 'ANKARA', 'AKYURT'),
(67, 'ANKARA', 'ALTINDAĞ'),
(68, 'ANKARA', 'AYAŞ'),
(69, 'ANKARA', 'BALA'),
(70, 'ANKARA', 'BEYPAZARI'),
(71, 'ANKARA', 'ÇAMLIDERE'),
(72, 'ANKARA', 'ÇANKAYA'),
(73, 'ANKARA', 'ÇUBUK'),
(74, 'ANKARA', 'ELMADAĞ'),
(75, 'ANKARA', 'ETİMESGUT'),
(76, 'ANKARA', 'EVREN'),
(77, 'ANKARA', 'GÖLBAŞI'),
(78, 'ANKARA', 'GÜDÜL'),
(79, 'ANKARA', 'HAYMANA'),
(80, 'ANKARA', 'KAHRAMANKAZAN'),
(81, 'ANKARA', 'KALECİK'),
(82, 'ANKARA', 'KEÇİÖREN'),
(83, 'ANKARA', 'KIZILCAHAMAM'),
(84, 'ANKARA', 'MAMAK'),
(85, 'ANKARA', 'NALLIHAN'),
(86, 'ANKARA', 'POLATLI'),
(87, 'ANKARA', 'PURSAKLAR'),
(88, 'ANKARA', 'SİNCAN'),
(89, 'ANKARA', 'ŞEREFLİKOÇHİSAR'),
(90, 'ANKARA', 'YENİMAHALLE'),
(91, 'ANTALYA', 'AKSEKİ'),
(92, 'ANTALYA', 'AKSU'),
(93, 'ANTALYA', 'ALANYA'),
(94, 'ANTALYA', 'DEMRE'),
(95, 'ANTALYA', 'DÖŞEMEALTI'),
(96, 'ANTALYA', 'ELMALI'),
(97, 'ANTALYA', 'FİNİKE'),
(98, 'ANTALYA', 'GAZİPAŞA'),
(99, 'ANTALYA', 'GÜNDOĞMUŞ'),
(100, 'ANTALYA', 'İBRADI'),
(101, 'ANTALYA', 'KAŞ'),
(102, 'ANTALYA', 'KEMER'),
(103, 'ANTALYA', 'KEPEZ'),
(104, 'ANTALYA', 'KONYAALTI'),
(105, 'ANTALYA', 'KORKUTELİ'),
(106, 'ANTALYA', 'KUMLUCA'),
(107, 'ANTALYA', 'MANAVGAT'),
(108, 'ANTALYA', 'MURATPAŞA'),
(109, 'ANTALYA', 'SERİK'),
(110, 'ARDAHAN', 'ÇILDIR'),
(111, 'ARDAHAN', 'DAMAL'),
(112, 'ARDAHAN', 'GÖLE'),
(113, 'ARDAHAN', 'HANAK'),
(114, 'ARDAHAN', 'MERKEZ'),
(115, 'ARDAHAN', 'POSOF'),
(116, 'ARTVİN', 'ARDANUÇ'),
(117, 'ARTVİN', 'ARHAVİ'),
(118, 'ARTVİN', 'BORÇKA'),
(119, 'ARTVİN', 'HOPA'),
(120, 'ARTVİN', 'KEMALPAŞA'),
(121, 'ARTVİN', 'MERKEZ'),
(122, 'ARTVİN', 'MURGUL'),
(123, 'ARTVİN', 'ŞAVŞAT'),
(124, 'ARTVİN', 'YUSUFELİ'),
(125, 'AYDIN', 'BOZDOĞAN'),
(126, 'AYDIN', 'BUHARKENT'),
(127, 'AYDIN', 'ÇİNE'),
(128, 'AYDIN', 'DİDİM'),
(129, 'AYDIN', 'EFELER'),
(130, 'AYDIN', 'GERMENCİK'),
(131, 'AYDIN', 'İNCİRLİOVA'),
(132, 'AYDIN', 'KARACASU'),
(133, 'AYDIN', 'KARPUZLU'),
(134, 'AYDIN', 'KOÇARLI'),
(135, 'AYDIN', 'KÖŞK'),
(136, 'AYDIN', 'KUŞADASI'),
(137, 'AYDIN', 'KUYUCAK'),
(138, 'AYDIN', 'NAZİLLİ'),
(139, 'AYDIN', 'SÖKE'),
(140, 'AYDIN', 'SULTANHİSAR'),
(141, 'AYDIN', 'YENİPAZAR'),
(142, 'BALIKESİR', 'ALTIEYLÜL'),
(143, 'BALIKESİR', 'AYVALIK'),
(144, 'BALIKESİR', 'BALYA'),
(145, 'BALIKESİR', 'BANDIRMA'),
(146, 'BALIKESİR', 'BİGADİÇ'),
(147, 'BALIKESİR', 'BURHANİYE'),
(148, 'BALIKESİR', 'DURSUNBEY'),
(149, 'BALIKESİR', 'EDREMİT'),
(150, 'BALIKESİR', 'ERDEK'),
(151, 'BALIKESİR', 'GÖMEÇ'),
(152, 'BALIKESİR', 'GÖNEN'),
(153, 'BALIKESİR', 'HAVRAN'),
(154, 'BALIKESİR', 'İVRİNDİ'),
(155, 'BALIKESİR', 'KARESİ'),
(156, 'BALIKESİR', 'KEPSUT'),
(157, 'BALIKESİR', 'MANYAS'),
(158, 'BALIKESİR', 'MARMARA'),
(159, 'BALIKESİR', 'SAVAŞTEPE'),
(160, 'BALIKESİR', 'SINDIRGI'),
(161, 'BALIKESİR', 'SUSURLUK'),
(162, 'BARTIN', 'AMASRA'),
(163, 'BARTIN', 'KURUCAŞİLE'),
(164, 'BARTIN', 'MERKEZ'),
(165, 'BARTIN', 'ULUS'),
(166, 'BATMAN', 'BEŞİRİ'),
(167, 'BATMAN', 'GERCÜŞ'),
(168, 'BATMAN', 'HASANKEYF'),
(169, 'BATMAN', 'KOZLUK'),
(170, 'BATMAN', 'MERKEZ'),
(171, 'BATMAN', 'SASON'),
(172, 'BAYBURT', 'AYDINTEPE'),
(173, 'BAYBURT', 'DEMİRÖZÜ'),
(174, 'BAYBURT', 'MERKEZ'),
(175, 'BİLECİK', 'BOZÜYÜK'),
(176, 'BİLECİK', 'GÖLPAZARI'),
(177, 'BİLECİK', 'İNHİSAR'),
(178, 'BİLECİK', 'MERKEZ'),
(179, 'BİLECİK', 'OSMANELİ'),
(180, 'BİLECİK', 'PAZARYERİ'),
(181, 'BİLECİK', 'SÖĞÜT'),
(182, 'BİLECİK', 'YENİPAZAR'),
(183, 'BİNGÖL', 'ADAKLI'),
(184, 'BİNGÖL', 'GENÇ'),
(185, 'BİNGÖL', 'KARLIOVA'),
(186, 'BİNGÖL', 'KİĞI'),
(187, 'BİNGÖL', 'MERKEZ'),
(188, 'BİNGÖL', 'SOLHAN'),
(189, 'BİNGÖL', 'YAYLADERE'),
(190, 'BİNGÖL', 'YEDİSU'),
(191, 'BİTLİS', 'ADİLCEVAZ'),
(192, 'BİTLİS', 'AHLAT'),
(193, 'BİTLİS', 'GÜROYMAK'),
(194, 'BİTLİS', 'HİZAN'),
(195, 'BİTLİS', 'MERKEZ'),
(196, 'BİTLİS', 'MUTKİ'),
(197, 'BİTLİS', 'TATVAN'),
(198, 'BOLU', 'DÖRTDİVAN'),
(199, 'BOLU', 'GEREDE'),
(200, 'BOLU', 'GÖYNÜK'),
(201, 'BOLU', 'KIBRISCIK'),
(202, 'BOLU', 'MENGEN'),
(203, 'BOLU', 'MERKEZ'),
(204, 'BOLU', 'MUDURNU'),
(205, 'BOLU', 'SEBEN'),
(206, 'BOLU', 'YENİÇAĞA'),
(207, 'BURDUR', 'AĞLASUN'),
(208, 'BURDUR', 'ALTINYAYLA'),
(209, 'BURDUR', 'BUCAK'),
(210, 'BURDUR', 'ÇAVDIR'),
(211, 'BURDUR', 'ÇELTİKÇİ'),
(212, 'BURDUR', 'GÖLHİSAR'),
(213, 'BURDUR', 'KARAMANLI'),
(214, 'BURDUR', 'KEMER'),
(215, 'BURDUR', 'MERKEZ'),
(216, 'BURDUR', 'TEFENNİ'),
(217, 'BURDUR', 'YEŞİLOVA'),
(218, 'BURSA', 'BÜYÜKORHAN'),
(219, 'BURSA', 'GEMLİK'),
(220, 'BURSA', 'GÜRSU'),
(221, 'BURSA', 'HARMANCIK'),
(222, 'BURSA', 'İNEGÖL'),
(223, 'BURSA', 'İZNİK'),
(224, 'BURSA', 'KARACABEY'),
(225, 'BURSA', 'KELES'),
(226, 'BURSA', 'KESTEL'),
(227, 'BURSA', 'MUDANYA'),
(228, 'BURSA', 'MUSTAFAKEMALPAŞA'),
(229, 'BURSA', 'NİLÜFER'),
(230, 'BURSA', 'ORHANELİ'),
(231, 'BURSA', 'ORHANGAZİ'),
(232, 'BURSA', 'OSMANGAZİ'),
(233, 'BURSA', 'YENİŞEHİR'),
(234, 'BURSA', 'YILDIRIM'),
(235, 'ÇANAKKALE', 'AYVACIK'),
(236, 'ÇANAKKALE', 'BAYRAMİÇ'),
(237, 'ÇANAKKALE', 'BİGA'),
(238, 'ÇANAKKALE', 'BOZCAADA'),
(239, 'ÇANAKKALE', 'ÇAN'),
(240, 'ÇANAKKALE', 'ECEABAT'),
(241, 'ÇANAKKALE', 'EZİNE'),
(242, 'ÇANAKKALE', 'GELİBOLU'),
(243, 'ÇANAKKALE', 'GÖKÇEADA'),
(244, 'ÇANAKKALE', 'LAPSEKİ'),
(245, 'ÇANAKKALE', 'MERKEZ'),
(246, 'ÇANAKKALE', 'YENİCE'),
(247, 'ÇANKIRI', 'ATKARACALAR'),
(248, 'ÇANKIRI', 'BAYRAMÖREN'),
(249, 'ÇANKIRI', 'ÇERKEŞ'),
(250, 'ÇANKIRI', 'ELDİVAN'),
(251, 'ÇANKIRI', 'ILGAZ'),
(252, 'ÇANKIRI', 'KIZILIRMAK'),
(253, 'ÇANKIRI', 'KORGUN'),
(254, 'ÇANKIRI', 'KURŞUNLU'),
(255, 'ÇANKIRI', 'MERKEZ'),
(256, 'ÇANKIRI', 'ORTA'),
(257, 'ÇANKIRI', 'ŞABANÖZÜ'),
(258, 'ÇANKIRI', 'YAPRAKLI'),
(259, 'ÇORUM', 'ALACA'),
(260, 'ÇORUM', 'BAYAT'),
(261, 'ÇORUM', 'BOĞAZKALE'),
(262, 'ÇORUM', 'DODURGA'),
(263, 'ÇORUM', 'İSKİLİP'),
(264, 'ÇORUM', 'KARGI'),
(265, 'ÇORUM', 'LAÇİN'),
(266, 'ÇORUM', 'MECİTÖZÜ'),
(267, 'ÇORUM', 'MERKEZ'),
(268, 'ÇORUM', 'OĞUZLAR'),
(269, 'ÇORUM', 'ORTAKÖY'),
(270, 'ÇORUM', 'OSMANCIK'),
(271, 'ÇORUM', 'SUNGURLU'),
(272, 'ÇORUM', 'UĞURLUDAĞ'),
(273, 'DENİZLİ', 'ACIPAYAM'),
(274, 'DENİZLİ', 'BABADAĞ'),
(275, 'DENİZLİ', 'BAKLAN'),
(276, 'DENİZLİ', 'BEKİLLİ'),
(277, 'DENİZLİ', 'BEYAĞAÇ'),
(278, 'DENİZLİ', 'BOZKURT'),
(279, 'DENİZLİ', 'BULDAN'),
(280, 'DENİZLİ', 'ÇAL'),
(281, 'DENİZLİ', 'ÇAMELİ'),
(282, 'DENİZLİ', 'ÇARDAK'),
(283, 'DENİZLİ', 'ÇİVRİL'),
(284, 'DENİZLİ', 'GÜNEY'),
(285, 'DENİZLİ', 'HONAZ'),
(286, 'DENİZLİ', 'KALE'),
(287, 'DENİZLİ', 'MERKEZEFENDİ'),
(288, 'DENİZLİ', 'PAMUKKALE'),
(289, 'DENİZLİ', 'SARAYKÖY'),
(290, 'DENİZLİ', 'SERİNHİSAR'),
(291, 'DENİZLİ', 'TAVAS'),
(292, 'DİYARBAKIR', 'BAĞLAR'),
(293, 'DİYARBAKIR', 'BİSMİL'),
(294, 'DİYARBAKIR', 'ÇERMİK'),
(295, 'DİYARBAKIR', 'ÇINAR'),
(296, 'DİYARBAKIR', 'ÇÜNGÜŞ'),
(297, 'DİYARBAKIR', 'DİCLE'),
(298, 'DİYARBAKIR', 'EĞİL'),
(299, 'DİYARBAKIR', 'ERGANİ'),
(300, 'DİYARBAKIR', 'HANİ'),
(301, 'DİYARBAKIR', 'HAZRO'),
(302, 'DİYARBAKIR', 'KAYAPINAR'),
(303, 'DİYARBAKIR', 'KOCAKÖY'),
(304, 'DİYARBAKIR', 'KULP'),
(305, 'DİYARBAKIR', 'LİCE'),
(306, 'DİYARBAKIR', 'SİLVAN'),
(307, 'DİYARBAKIR', 'SUR'),
(308, 'DİYARBAKIR', 'YENİŞEHİR'),
(309, 'DÜZCE', 'AKÇAKOCA'),
(310, 'DÜZCE', 'CUMAYERİ'),
(311, 'DÜZCE', 'ÇİLİMLİ'),
(312, 'DÜZCE', 'GÖLYAKA'),
(313, 'DÜZCE', 'GÜMÜŞOVA'),
(314, 'DÜZCE', 'KAYNAŞLI'),
(315, 'DÜZCE', 'MERKEZ'),
(316, 'DÜZCE', 'YIĞILCA'),
(317, 'EDİRNE', 'ENEZ'),
(318, 'EDİRNE', 'HAVSA'),
(319, 'EDİRNE', 'İPSALA'),
(320, 'EDİRNE', 'KEŞAN'),
(321, 'EDİRNE', 'LALAPAŞA'),
(322, 'EDİRNE', 'MERİÇ'),
(323, 'EDİRNE', 'MERKEZ'),
(324, 'EDİRNE', 'SÜLOĞLU'),
(325, 'EDİRNE', 'UZUNKÖPRÜ'),
(326, 'ELAZIĞ', 'AĞIN'),
(327, 'ELAZIĞ', 'ALACAKAYA'),
(328, 'ELAZIĞ', 'ARICAK'),
(329, 'ELAZIĞ', 'BASKİL'),
(330, 'ELAZIĞ', 'KARAKOÇAN'),
(331, 'ELAZIĞ', 'KEBAN'),
(332, 'ELAZIĞ', 'KOVANCILAR'),
(333, 'ELAZIĞ', 'MADEN'),
(334, 'ELAZIĞ', 'MERKEZ'),
(335, 'ELAZIĞ', 'PALU'),
(336, 'ELAZIĞ', 'SİVRİCE'),
(337, 'ERZİNCAN', 'ÇAYIRLI'),
(338, 'ERZİNCAN', 'İLİÇ'),
(339, 'ERZİNCAN', 'KEMAH'),
(340, 'ERZİNCAN', 'KEMALİYE'),
(341, 'ERZİNCAN', 'MERKEZ'),
(342, 'ERZİNCAN', 'OTLUKBELİ'),
(343, 'ERZİNCAN', 'REFAHİYE'),
(344, 'ERZİNCAN', 'TERCAN'),
(345, 'ERZİNCAN', 'ÜZÜMLÜ'),
(346, 'ERZURUM', 'AŞKALE'),
(347, 'ERZURUM', 'AZİZİYE'),
(348, 'ERZURUM', 'ÇAT'),
(349, 'ERZURUM', 'HINIS'),
(350, 'ERZURUM', 'HORASAN'),
(351, 'ERZURUM', 'İSPİR'),
(352, 'ERZURUM', 'KARAÇOBAN'),
(353, 'ERZURUM', 'KARAYAZI'),
(354, 'ERZURUM', 'KÖPRÜKÖY'),
(355, 'ERZURUM', 'NARMAN'),
(356, 'ERZURUM', 'OLTU'),
(357, 'ERZURUM', 'OLUR'),
(358, 'ERZURUM', 'PALANDÖKEN'),
(359, 'ERZURUM', 'PASİNLER'),
(360, 'ERZURUM', 'PAZARYOLU'),
(361, 'ERZURUM', 'ŞENKAYA'),
(362, 'ERZURUM', 'TEKMAN'),
(363, 'ERZURUM', 'TORTUM'),
(364, 'ERZURUM', 'UZUNDERE'),
(365, 'ERZURUM', 'YAKUTİYE'),
(366, 'ESKİŞEHİR', 'ALPU'),
(367, 'ESKİŞEHİR', 'BEYLİKOVA'),
(368, 'ESKİŞEHİR', 'ÇİFTELER'),
(369, 'ESKİŞEHİR', 'GÜNYÜZÜ'),
(370, 'ESKİŞEHİR', 'HAN'),
(371, 'ESKİŞEHİR', 'İNÖNÜ'),
(372, 'ESKİŞEHİR', 'MAHMUDİYE'),
(373, 'ESKİŞEHİR', 'MİHALGAZİ'),
(374, 'ESKİŞEHİR', 'MİHALIÇÇIK'),
(375, 'ESKİŞEHİR', 'ODUNPAZARI'),
(376, 'ESKİŞEHİR', 'SARICAKAYA'),
(377, 'ESKİŞEHİR', 'SEYİTGAZİ'),
(378, 'ESKİŞEHİR', 'SİVRİHİSAR'),
(379, 'ESKİŞEHİR', 'TEPEBAŞI'),
(380, 'GAZİANTEP', 'ARABAN'),
(381, 'GAZİANTEP', 'İSLAHİYE'),
(382, 'GAZİANTEP', 'KARKAMIŞ'),
(383, 'GAZİANTEP', 'NİZİP'),
(384, 'GAZİANTEP', 'NURDAĞI'),
(385, 'GAZİANTEP', 'OĞUZELİ'),
(386, 'GAZİANTEP', 'ŞAHİNBEY'),
(387, 'GAZİANTEP', 'ŞEHİTKAMİL'),
(388, 'GAZİANTEP', 'YAVUZELİ'),
(389, 'GİRESUN', 'ALUCRA'),
(390, 'GİRESUN', 'BULANCAK'),
(391, 'GİRESUN', 'ÇAMOLUK'),
(392, 'GİRESUN', 'ÇANAKÇI'),
(393, 'GİRESUN', 'DERELİ'),
(394, 'GİRESUN', 'DOĞANKENT'),
(395, 'GİRESUN', 'ESPİYE'),
(396, 'GİRESUN', 'EYNESİL'),
(397, 'GİRESUN', 'GÖRELE'),
(398, 'GİRESUN', 'GÜCE'),
(399, 'GİRESUN', 'KEŞAP'),
(400, 'GİRESUN', 'MERKEZ'),
(401, 'GİRESUN', 'PİRAZİZ'),
(402, 'GİRESUN', 'ŞEBİNKARAHİSAR'),
(403, 'GİRESUN', 'TİREBOLU'),
(404, 'GİRESUN', 'YAĞLIDERE'),
(405, 'GÜMÜŞHANE', 'KELKİT'),
(406, 'GÜMÜŞHANE', 'KÖSE'),
(407, 'GÜMÜŞHANE', 'KÜRTÜN'),
(408, 'GÜMÜŞHANE', 'MERKEZ'),
(409, 'GÜMÜŞHANE', 'ŞİRAN'),
(410, 'GÜMÜŞHANE', 'TORUL'),
(411, 'HAKKARİ', 'ÇUKURCA'),
(412, 'HAKKARİ', 'DERECİK'),
(413, 'HAKKARİ', 'MERKEZ'),
(414, 'HAKKARİ', 'ŞEMDİNLİ'),
(415, 'HAKKARİ', 'YÜKSEKOVA'),
(416, 'HATAY', 'ALTINÖZÜ'),
(417, 'HATAY', 'ANTAKYA'),
(418, 'HATAY', 'ARSUZ'),
(419, 'HATAY', 'BELEN'),
(420, 'HATAY', 'DEFNE'),
(421, 'HATAY', 'DÖRTYOL'),
(422, 'HATAY', 'ERZİN'),
(423, 'HATAY', 'HASSA'),
(424, 'HATAY', 'İSKENDERUN'),
(425, 'HATAY', 'KIRIKHAN'),
(426, 'HATAY', 'KUMLU'),
(427, 'HATAY', 'PAYAS'),
(428, 'HATAY', 'REYHANLI'),
(429, 'HATAY', 'SAMANDAĞ'),
(430, 'HATAY', 'YAYLADAĞI'),
(431, 'IĞDIR', 'ARALIK'),
(432, 'IĞDIR', 'KARAKOYUNLU'),
(433, 'IĞDIR', 'MERKEZ'),
(434, 'IĞDIR', 'TUZLUCA'),
(435, 'ISPARTA', 'AKSU'),
(436, 'ISPARTA', 'ATABEY'),
(437, 'ISPARTA', 'EĞİRDİR'),
(438, 'ISPARTA', 'GELENDOST'),
(439, 'ISPARTA', 'GÖNEN'),
(440, 'ISPARTA', 'KEÇİBORLU'),
(441, 'ISPARTA', 'MERKEZ'),
(442, 'ISPARTA', 'SENİRKENT'),
(443, 'ISPARTA', 'SÜTÇÜLER'),
(444, 'ISPARTA', 'ŞARKİKARAAĞAÇ'),
(445, 'ISPARTA', 'ULUBORLU'),
(446, 'ISPARTA', 'YALVAÇ'),
(447, 'ISPARTA', 'YENİŞARBADEMLİ'),
(448, 'İSTANBUL', 'ADALAR'),
(449, 'İSTANBUL', 'ARNAVUTKÖY'),
(450, 'İSTANBUL', 'ATAŞEHİR'),
(451, 'İSTANBUL', 'AVCILAR'),
(452, 'İSTANBUL', 'BAĞCILAR'),
(453, 'İSTANBUL', 'BAHÇELİEVLER'),
(454, 'İSTANBUL', 'BAKIRKÖY'),
(455, 'İSTANBUL', 'BAŞAKŞEHİR'),
(456, 'İSTANBUL', 'BAYRAMPAŞA'),
(457, 'İSTANBUL', 'BEŞİKTAŞ'),
(458, 'İSTANBUL', 'BEYKOZ'),
(459, 'İSTANBUL', 'BEYLİKDÜZÜ'),
(460, 'İSTANBUL', 'BEYOĞLU'),
(461, 'İSTANBUL', 'BÜYÜKÇEKMECE'),
(462, 'İSTANBUL', 'ÇATALCA'),
(463, 'İSTANBUL', 'ÇEKMEKÖY'),
(464, 'İSTANBUL', 'ESENLER'),
(465, 'İSTANBUL', 'ESENYURT'),
(466, 'İSTANBUL', 'EYÜPSULTAN'),
(467, 'İSTANBUL', 'FATİH'),
(468, 'İSTANBUL', 'GAZİOSMANPAŞA'),
(469, 'İSTANBUL', 'GÜNGÖREN'),
(470, 'İSTANBUL', 'KADIKÖY'),
(471, 'İSTANBUL', 'KAĞITHANE'),
(472, 'İSTANBUL', 'KARTAL'),
(473, 'İSTANBUL', 'KÜÇÜKÇEKMECE'),
(474, 'İSTANBUL', 'MALTEPE'),
(475, 'İSTANBUL', 'PENDİK'),
(476, 'İSTANBUL', 'SANCAKTEPE'),
(477, 'İSTANBUL', 'SARIYER'),
(478, 'İSTANBUL', 'SİLİVRİ'),
(479, 'İSTANBUL', 'SULTANBEYLİ'),
(480, 'İSTANBUL', 'SULTANGAZİ'),
(481, 'İSTANBUL', 'ŞİLE'),
(482, 'İSTANBUL', 'ŞİŞLİ'),
(483, 'İSTANBUL', 'TUZLA'),
(484, 'İSTANBUL', 'ÜMRANİYE'),
(485, 'İSTANBUL', 'ÜSKÜDAR'),
(486, 'İSTANBUL', 'ZEYTİNBURNU'),
(487, 'İZMİR', 'ALİAĞA'),
(488, 'İZMİR', 'BALÇOVA'),
(489, 'İZMİR', 'BAYINDIR'),
(490, 'İZMİR', 'BAYRAKLI'),
(491, 'İZMİR', 'BERGAMA'),
(492, 'İZMİR', 'BEYDAĞ'),
(493, 'İZMİR', 'BORNOVA'),
(494, 'İZMİR', 'BUCA'),
(495, 'İZMİR', 'ÇEŞME'),
(496, 'İZMİR', 'ÇİĞLİ'),
(497, 'İZMİR', 'DİKİLİ'),
(498, 'İZMİR', 'FOÇA'),
(499, 'İZMİR', 'GAZİEMİR'),
(500, 'İZMİR', 'GÜZELBAHÇE'),
(501, 'İZMİR', 'KARABAĞLAR'),
(502, 'İZMİR', 'KARABURUN'),
(503, 'İZMİR', 'KARŞIYAKA'),
(504, 'İZMİR', 'KEMALPAŞA'),
(505, 'İZMİR', 'KINIK'),
(506, 'İZMİR', 'KİRAZ'),
(507, 'İZMİR', 'KONAK'),
(508, 'İZMİR', 'MENDERES'),
(509, 'İZMİR', 'MENEMEN'),
(510, 'İZMİR', 'NARLIDERE'),
(511, 'İZMİR', 'ÖDEMİŞ'),
(512, 'İZMİR', 'SEFERİHİSAR'),
(513, 'İZMİR', 'SELÇUK'),
(514, 'İZMİR', 'TİRE'),
(515, 'İZMİR', 'TORBALI'),
(516, 'İZMİR', 'URLA'),
(517, 'KAHRAMANMARAŞ', 'AFŞİN'),
(518, 'KAHRAMANMARAŞ', 'ANDIRIN'),
(519, 'KAHRAMANMARAŞ', 'ÇAĞLAYANCERİT'),
(520, 'KAHRAMANMARAŞ', 'DULKADİROĞLU'),
(521, 'KAHRAMANMARAŞ', 'EKİNÖZÜ'),
(522, 'KAHRAMANMARAŞ', 'ELBİSTAN'),
(523, 'KAHRAMANMARAŞ', 'GÖKSUN'),
(524, 'KAHRAMANMARAŞ', 'NURHAK'),
(525, 'KAHRAMANMARAŞ', 'ONİKİŞUBAT'),
(526, 'KAHRAMANMARAŞ', 'PAZARCIK'),
(527, 'KAHRAMANMARAŞ', 'TÜRKOĞLU'),
(528, 'KARABÜK', 'EFLANİ'),
(529, 'KARABÜK', 'ESKİPAZAR'),
(530, 'KARABÜK', 'MERKEZ'),
(531, 'KARABÜK', 'OVACIK'),
(532, 'KARABÜK', 'SAFRANBOLU'),
(533, 'KARABÜK', 'YENİCE'),
(534, 'KARAMAN', 'AYRANCI'),
(535, 'KARAMAN', 'BAŞYAYLA'),
(536, 'KARAMAN', 'ERMENEK'),
(537, 'KARAMAN', 'KAZIMKARABEKİR'),
(538, 'KARAMAN', 'MERKEZ'),
(539, 'KARAMAN', 'SARIVELİLER'),
(540, 'KARS', 'AKYAKA'),
(541, 'KARS', 'ARPAÇAY'),
(542, 'KARS', 'DİGOR'),
(543, 'KARS', 'KAĞIZMAN'),
(544, 'KARS', 'MERKEZ'),
(545, 'KARS', 'SARIKAMIŞ'),
(546, 'KARS', 'SELİM'),
(547, 'KARS', 'SUSUZ'),
(548, 'KASTAMONU', 'ABANA'),
(549, 'KASTAMONU', 'AĞLI'),
(550, 'KASTAMONU', 'ARAÇ'),
(551, 'KASTAMONU', 'AZDAVAY'),
(552, 'KASTAMONU', 'BOZKURT'),
(553, 'KASTAMONU', 'CİDE'),
(554, 'KASTAMONU', 'ÇATALZEYTİN'),
(555, 'KASTAMONU', 'DADAY'),
(556, 'KASTAMONU', 'DEVREKANİ'),
(557, 'KASTAMONU', 'DOĞANYURT'),
(558, 'KASTAMONU', 'HANÖNÜ'),
(559, 'KASTAMONU', 'İHSANGAZİ'),
(560, 'KASTAMONU', 'İNEBOLU'),
(561, 'KASTAMONU', 'KÜRE'),
(562, 'KASTAMONU', 'MERKEZ'),
(563, 'KASTAMONU', 'PINARBAŞI'),
(564, 'KASTAMONU', 'SEYDİLER'),
(565, 'KASTAMONU', 'ŞENPAZAR'),
(566, 'KASTAMONU', 'TAŞKÖPRÜ'),
(567, 'KASTAMONU', 'TOSYA'),
(568, 'KAYSERİ', 'AKKIŞLA'),
(569, 'KAYSERİ', 'BÜNYAN'),
(570, 'KAYSERİ', 'DEVELİ'),
(571, 'KAYSERİ', 'FELAHİYE'),
(572, 'KAYSERİ', 'HACILAR'),
(573, 'KAYSERİ', 'İNCESU'),
(574, 'KAYSERİ', 'KOCASİNAN'),
(575, 'KAYSERİ', 'MELİKGAZİ'),
(576, 'KAYSERİ', 'ÖZVATAN'),
(577, 'KAYSERİ', 'PINARBAŞI'),
(578, 'KAYSERİ', 'SARIOĞLAN'),
(579, 'KAYSERİ', 'SARIZ'),
(580, 'KAYSERİ', 'TALAS'),
(581, 'KAYSERİ', 'TOMARZA'),
(582, 'KAYSERİ', 'YAHYALI'),
(583, 'KAYSERİ', 'YEŞİLHİSAR'),
(584, 'KIRIKKALE', 'BAHŞILI'),
(585, 'KIRIKKALE', 'BALIŞEYH'),
(586, 'KIRIKKALE', 'ÇELEBİ'),
(587, 'KIRIKKALE', 'DELİCE'),
(588, 'KIRIKKALE', 'KARAKEÇİLİ'),
(589, 'KIRIKKALE', 'KESKİN'),
(590, 'KIRIKKALE', 'MERKEZ'),
(591, 'KIRIKKALE', 'SULAKYURT'),
(592, 'KIRIKKALE', 'YAHŞİHAN'),
(593, 'KIRKLARELİ', 'BABAESKİ'),
(594, 'KIRKLARELİ', 'DEMİRKÖY'),
(595, 'KIRKLARELİ', 'KOFÇAZ'),
(596, 'KIRKLARELİ', 'LÜLEBURGAZ'),
(597, 'KIRKLARELİ', 'MERKEZ'),
(598, 'KIRKLARELİ', 'PEHLİVANKÖY'),
(599, 'KIRKLARELİ', 'PINARHİSAR'),
(600, 'KIRKLARELİ', 'VİZE'),
(601, 'KIRŞEHİR', 'AKÇAKENT'),
(602, 'KIRŞEHİR', 'AKPINAR'),
(603, 'KIRŞEHİR', 'BOZTEPE'),
(604, 'KIRŞEHİR', 'ÇİÇEKDAĞI'),
(605, 'KIRŞEHİR', 'KAMAN'),
(606, 'KIRŞEHİR', 'MERKEZ'),
(607, 'KIRŞEHİR', 'MUCUR'),
(608, 'KİLİS', 'ELBEYLİ'),
(609, 'KİLİS', 'MERKEZ'),
(610, 'KİLİS', 'MUSABEYLİ'),
(611, 'KİLİS', 'POLATELİ'),
(612, 'KOCAELİ', 'BAŞİSKELE'),
(613, 'KOCAELİ', 'ÇAYIROVA'),
(614, 'KOCAELİ', 'DARICA'),
(615, 'KOCAELİ', 'DERİNCE'),
(616, 'KOCAELİ', 'DİLOVASI'),
(617, 'KOCAELİ', 'GEBZE'),
(618, 'KOCAELİ', 'GÖLCÜK'),
(619, 'KOCAELİ', 'İZMİT'),
(620, 'KOCAELİ', 'KANDIRA'),
(621, 'KOCAELİ', 'KARAMÜRSEL'),
(622, 'KOCAELİ', 'KARTEPE'),
(623, 'KOCAELİ', 'KÖRFEZ'),
(624, 'KONYA', 'AHIRLI'),
(625, 'KONYA', 'AKÖREN'),
(626, 'KONYA', 'AKŞEHİR'),
(627, 'KONYA', 'ALTINEKİN'),
(628, 'KONYA', 'BEYŞEHİR'),
(629, 'KONYA', 'BOZKIR'),
(630, 'KONYA', 'CİHANBEYLİ'),
(631, 'KONYA', 'ÇELTİK'),
(632, 'KONYA', 'ÇUMRA'),
(633, 'KONYA', 'DERBENT'),
(634, 'KONYA', 'DEREBUCAK'),
(635, 'KONYA', 'DOĞANHİSAR'),
(636, 'KONYA', 'EMİRGAZİ'),
(637, 'KONYA', 'EREĞLİ'),
(638, 'KONYA', 'GÜNEYSINIR'),
(639, 'KONYA', 'HADİM'),
(640, 'KONYA', 'HALKAPINAR'),
(641, 'KONYA', 'HÜYÜK'),
(642, 'KONYA', 'ILGIN'),
(643, 'KONYA', 'KADINHANI'),
(644, 'KONYA', 'KARAPINAR'),
(645, 'KONYA', 'KARATAY'),
(646, 'KONYA', 'KULU'),
(647, 'KONYA', 'MERAM'),
(648, 'KONYA', 'SARAYÖNÜ'),
(649, 'KONYA', 'SELÇUKLU'),
(650, 'KONYA', 'SEYDİŞEHİR'),
(651, 'KONYA', 'TAŞKENT'),
(652, 'KONYA', 'TUZLUKÇU'),
(653, 'KONYA', 'YALIHÜYÜK'),
(654, 'KONYA', 'YUNAK'),
(655, 'KÜTAHYA', 'ALTINTAŞ'),
(656, 'KÜTAHYA', 'ASLANAPA'),
(657, 'KÜTAHYA', 'ÇAVDARHİSAR'),
(658, 'KÜTAHYA', 'DOMANİÇ'),
(659, 'KÜTAHYA', 'DUMLUPINAR'),
(660, 'KÜTAHYA', 'EMET'),
(661, 'KÜTAHYA', 'GEDİZ'),
(662, 'KÜTAHYA', 'HİSARCIK'),
(663, 'KÜTAHYA', 'MERKEZ'),
(664, 'KÜTAHYA', 'PAZARLAR'),
(665, 'KÜTAHYA', 'SİMAV'),
(666, 'KÜTAHYA', 'ŞAPHANE'),
(667, 'KÜTAHYA', 'TAVŞANLI'),
(668, 'MALATYA', 'AKÇADAĞ'),
(669, 'MALATYA', 'ARAPGİR'),
(670, 'MALATYA', 'ARGUVAN'),
(671, 'MALATYA', 'BATTALGAZİ'),
(672, 'MALATYA', 'DARENDE'),
(673, 'MALATYA', 'DOĞANŞEHİR'),
(674, 'MALATYA', 'DOĞANYOL'),
(675, 'MALATYA', 'HEKİMHAN'),
(676, 'MALATYA', 'KALE'),
(677, 'MALATYA', 'KULUNCAK'),
(678, 'MALATYA', 'PÜTÜRGE'),
(679, 'MALATYA', 'YAZIHAN'),
(680, 'MALATYA', 'YEŞİLYURT'),
(681, 'MANİSA', 'AHMETLİ'),
(682, 'MANİSA', 'AKHİSAR'),
(683, 'MANİSA', 'ALAŞEHİR'),
(684, 'MANİSA', 'DEMİRCİ'),
(685, 'MANİSA', 'GÖLMARMARA'),
(686, 'MANİSA', 'GÖRDES'),
(687, 'MANİSA', 'KIRKAĞAÇ'),
(688, 'MANİSA', 'KÖPRÜBAŞI'),
(689, 'MANİSA', 'KULA'),
(690, 'MANİSA', 'SALİHLİ'),
(691, 'MANİSA', 'SARIGÖL'),
(692, 'MANİSA', 'SARUHANLI'),
(693, 'MANİSA', 'SELENDİ'),
(694, 'MANİSA', 'SOMA'),
(695, 'MANİSA', 'ŞEHZADELER'),
(696, 'MANİSA', 'TURGUTLU'),
(697, 'MANİSA', 'YUNUSEMRE'),
(698, 'MARDİN', 'ARTUKLU'),
(699, 'MARDİN', 'DARGEÇİT'),
(700, 'MARDİN', 'DERİK'),
(701, 'MARDİN', 'KIZILTEPE'),
(702, 'MARDİN', 'MAZIDAĞI'),
(703, 'MARDİN', 'MİDYAT'),
(704, 'MARDİN', 'NUSAYBİN'),
(705, 'MARDİN', 'ÖMERLİ'),
(706, 'MARDİN', 'SAVUR'),
(707, 'MARDİN', 'YEŞİLLİ'),
(708, 'MERSİN', 'AKDENİZ'),
(709, 'MERSİN', 'ANAMUR'),
(710, 'MERSİN', 'AYDINCIK'),
(711, 'MERSİN', 'BOZYAZI'),
(712, 'MERSİN', 'ÇAMLIYAYLA'),
(713, 'MERSİN', 'ERDEMLİ'),
(714, 'MERSİN', 'GÜLNAR'),
(715, 'MERSİN', 'MEZİTLİ'),
(716, 'MERSİN', 'MUT'),
(717, 'MERSİN', 'SİLİFKE'),
(718, 'MERSİN', 'TARSUS'),
(719, 'MERSİN', 'TOROSLAR'),
(720, 'MERSİN', 'YENİŞEHİR'),
(721, 'MUĞLA', 'BODRUM'),
(722, 'MUĞLA', 'DALAMAN'),
(723, 'MUĞLA', 'DATÇA'),
(724, 'MUĞLA', 'FETHİYE'),
(725, 'MUĞLA', 'KAVAKLIDERE'),
(726, 'MUĞLA', 'KÖYCEĞİZ'),
(727, 'MUĞLA', 'MARMARİS'),
(728, 'MUĞLA', 'MENTEŞE'),
(729, 'MUĞLA', 'MİLAS'),
(730, 'MUĞLA', 'ORTACA'),
(731, 'MUĞLA', 'SEYDİKEMER'),
(732, 'MUĞLA', 'ULA'),
(733, 'MUĞLA', 'YATAĞAN'),
(734, 'MUŞ', 'BULANIK'),
(735, 'MUŞ', 'HASKÖY'),
(736, 'MUŞ', 'KORKUT'),
(737, 'MUŞ', 'MALAZGİRT'),
(738, 'MUŞ', 'MERKEZ'),
(739, 'MUŞ', 'VARTO'),
(740, 'NEVŞEHİR', 'ACIGÖL'),
(741, 'NEVŞEHİR', 'AVANOS'),
(742, 'NEVŞEHİR', 'DERİNKUYU'),
(743, 'NEVŞEHİR', 'GÜLŞEHİR'),
(744, 'NEVŞEHİR', 'HACIBEKTAŞ'),
(745, 'NEVŞEHİR', 'KOZAKLI'),
(746, 'NEVŞEHİR', 'MERKEZ'),
(747, 'NEVŞEHİR', 'ÜRGÜP'),
(748, 'NİĞDE', 'ALTUNHİSAR'),
(749, 'NİĞDE', 'BOR'),
(750, 'NİĞDE', 'ÇAMARDI'),
(751, 'NİĞDE', 'ÇİFTLİK'),
(752, 'NİĞDE', 'MERKEZ'),
(753, 'NİĞDE', 'ULUKIŞLA'),
(754, 'ORDU', 'AKKUŞ'),
(755, 'ORDU', 'ALTINORDU'),
(756, 'ORDU', 'AYBASTI'),
(757, 'ORDU', 'ÇAMAŞ'),
(758, 'ORDU', 'ÇATALPINAR'),
(759, 'ORDU', 'ÇAYBAŞI'),
(760, 'ORDU', 'FATSA'),
(761, 'ORDU', 'GÖLKÖY'),
(762, 'ORDU', 'GÜLYALI'),
(763, 'ORDU', 'GÜRGENTEPE'),
(764, 'ORDU', 'İKİZCE'),
(765, 'ORDU', 'KABADÜZ'),
(766, 'ORDU', 'KABATAŞ'),
(767, 'ORDU', 'KORGAN'),
(768, 'ORDU', 'KUMRU'),
(769, 'ORDU', 'MESUDİYE'),
(770, 'ORDU', 'PERŞEMBE'),
(771, 'ORDU', 'ULUBEY'),
(772, 'ORDU', 'ÜNYE'),
(773, 'OSMANİYE', 'BAHÇE'),
(774, 'OSMANİYE', 'DÜZİÇİ'),
(775, 'OSMANİYE', 'HASANBEYLİ'),
(776, 'OSMANİYE', 'KADİRLİ'),
(777, 'OSMANİYE', 'MERKEZ'),
(778, 'OSMANİYE', 'SUMBAS'),
(779, 'OSMANİYE', 'TOPRAKKALE'),
(780, 'RİZE', 'ARDEŞEN'),
(781, 'RİZE', 'ÇAMLIHEMŞİN'),
(782, 'RİZE', 'ÇAYELİ'),
(783, 'RİZE', 'DEREPAZARI'),
(784, 'RİZE', 'FINDIKLI'),
(785, 'RİZE', 'GÜNEYSU'),
(786, 'RİZE', 'HEMŞİN'),
(787, 'RİZE', 'İKİZDERE'),
(788, 'RİZE', 'İYİDERE'),
(789, 'RİZE', 'KALKANDERE'),
(790, 'RİZE', 'MERKEZ'),
(791, 'RİZE', 'PAZAR'),
(792, 'SAKARYA', 'ADAPAZARI'),
(793, 'SAKARYA', 'AKYAZI'),
(794, 'SAKARYA', 'ARİFİYE'),
(795, 'SAKARYA', 'ERENLER'),
(796, 'SAKARYA', 'FERİZLİ'),
(797, 'SAKARYA', 'GEYVE'),
(798, 'SAKARYA', 'HENDEK'),
(799, 'SAKARYA', 'KARAPÜRÇEK'),
(800, 'SAKARYA', 'KARASU'),
(801, 'SAKARYA', 'KAYNARCA'),
(802, 'SAKARYA', 'KOCAALİ'),
(803, 'SAKARYA', 'PAMUKOVA'),
(804, 'SAKARYA', 'SAPANCA'),
(805, 'SAKARYA', 'SERDİVAN'),
(806, 'SAKARYA', 'SÖĞÜTLÜ'),
(807, 'SAKARYA', 'TARAKLI'),
(808, 'SAMSUN', '19 MAYIS'),
(809, 'SAMSUN', 'ALAÇAM'),
(810, 'SAMSUN', 'ASARCIK'),
(811, 'SAMSUN', 'ATAKUM'),
(812, 'SAMSUN', 'AYVACIK'),
(813, 'SAMSUN', 'BAFRA'),
(814, 'SAMSUN', 'CANİK'),
(815, 'SAMSUN', 'ÇARŞAMBA'),
(816, 'SAMSUN', 'HAVZA'),
(817, 'SAMSUN', 'İLKADIM'),
(818, 'SAMSUN', 'KAVAK'),
(819, 'SAMSUN', 'LADİK'),
(820, 'SAMSUN', 'SALIPAZARI'),
(821, 'SAMSUN', 'TEKKEKÖY'),
(822, 'SAMSUN', 'TERME'),
(823, 'SAMSUN', 'VEZİRKÖPRÜ'),
(824, 'SAMSUN', 'YAKAKENT'),
(825, 'SİİRT', 'BAYKAN'),
(826, 'SİİRT', 'ERUH'),
(827, 'SİİRT', 'KURTALAN'),
(828, 'SİİRT', 'MERKEZ'),
(829, 'SİİRT', 'PERVARİ'),
(830, 'SİİRT', 'ŞİRVAN'),
(831, 'SİİRT', 'TİLLO'),
(832, 'SİNOP', 'AYANCIK'),
(833, 'SİNOP', 'BOYABAT'),
(834, 'SİNOP', 'DİKMEN'),
(835, 'SİNOP', 'DURAĞAN'),
(836, 'SİNOP', 'ERFELEK'),
(837, 'SİNOP', 'GERZE'),
(838, 'SİNOP', 'MERKEZ'),
(839, 'SİNOP', 'SARAYDÜZÜ'),
(840, 'SİNOP', 'TÜRKELİ'),
(841, 'SİVAS', 'AKINCILAR'),
(842, 'SİVAS', 'ALTINYAYLA'),
(843, 'SİVAS', 'DİVRİĞİ'),
(844, 'SİVAS', 'DOĞANŞAR'),
(845, 'SİVAS', 'GEMEREK'),
(846, 'SİVAS', 'GÖLOVA'),
(847, 'SİVAS', 'GÜRÜN'),
(848, 'SİVAS', 'HAFİK'),
(849, 'SİVAS', 'İMRANLI'),
(850, 'SİVAS', 'KANGAL'),
(851, 'SİVAS', 'KOYULHİSAR'),
(852, 'SİVAS', 'MERKEZ'),
(853, 'SİVAS', 'SUŞEHRİ'),
(854, 'SİVAS', 'ŞARKIŞLA'),
(855, 'SİVAS', 'ULAŞ'),
(856, 'SİVAS', 'YILDIZELİ'),
(857, 'SİVAS', 'ZARA'),
(858, 'ŞANLIURFA', 'AKÇAKALE'),
(859, 'ŞANLIURFA', 'BİRECİK'),
(860, 'ŞANLIURFA', 'BOZOVA'),
(861, 'ŞANLIURFA', 'CEYLANPINAR'),
(862, 'ŞANLIURFA', 'EYYÜBİYE'),
(863, 'ŞANLIURFA', 'HALFETİ'),
(864, 'ŞANLIURFA', 'HALİLİYE'),
(865, 'ŞANLIURFA', 'HARRAN'),
(866, 'ŞANLIURFA', 'HİLVAN'),
(867, 'ŞANLIURFA', 'KARAKÖPRÜ'),
(868, 'ŞANLIURFA', 'SİVEREK'),
(869, 'ŞANLIURFA', 'SURUÇ'),
(870, 'ŞANLIURFA', 'VİRANŞEHİR'),
(871, 'ŞIRNAK', 'BEYTÜŞŞEBAP'),
(872, 'ŞIRNAK', 'CİZRE'),
(873, 'ŞIRNAK', 'GÜÇLÜKONAK'),
(874, 'ŞIRNAK', 'İDİL'),
(875, 'ŞIRNAK', 'MERKEZ'),
(876, 'ŞIRNAK', 'SİLOPİ'),
(877, 'ŞIRNAK', 'ULUDERE'),
(878, 'TEKİRDAĞ', 'ÇERKEZKÖY'),
(879, 'TEKİRDAĞ', 'ÇORLU'),
(880, 'TEKİRDAĞ', 'ERGENE'),
(881, 'TEKİRDAĞ', 'HAYRABOLU'),
(882, 'TEKİRDAĞ', 'KAPAKLI'),
(883, 'TEKİRDAĞ', 'MALKARA'),
(884, 'TEKİRDAĞ', 'MARMARAEREĞLİSİ'),
(885, 'TEKİRDAĞ', 'MURATLI'),
(886, 'TEKİRDAĞ', 'SARAY'),
(887, 'TEKİRDAĞ', 'SÜLEYMANPAŞA'),
(888, 'TEKİRDAĞ', 'ŞARKÖY'),
(889, 'TOKAT', 'ALMUS'),
(890, 'TOKAT', 'ARTOVA'),
(891, 'TOKAT', 'BAŞÇİFTLİK'),
(892, 'TOKAT', 'ERBAA'),
(893, 'TOKAT', 'MERKEZ'),
(894, 'TOKAT', 'NİKSAR'),
(895, 'TOKAT', 'PAZAR'),
(896, 'TOKAT', 'REŞADİYE'),
(897, 'TOKAT', 'SULUSARAY'),
(898, 'TOKAT', 'TURHAL'),
(899, 'TOKAT', 'YEŞİLYURT'),
(900, 'TOKAT', 'ZİLE'),
(901, 'TRABZON', 'AKÇAABAT'),
(902, 'TRABZON', 'ARAKLI'),
(903, 'TRABZON', 'ARSİN'),
(904, 'TRABZON', 'BEŞİKDÜZÜ'),
(905, 'TRABZON', 'ÇARŞIBAŞI'),
(906, 'TRABZON', 'ÇAYKARA'),
(907, 'TRABZON', 'DERNEKPAZARI'),
(908, 'TRABZON', 'DÜZKÖY'),
(909, 'TRABZON', 'HAYRAT'),
(910, 'TRABZON', 'KÖPRÜBAŞI'),
(911, 'TRABZON', 'MAÇKA'),
(912, 'TRABZON', 'OF'),
(913, 'TRABZON', 'ORTAHİSAR'),
(914, 'TRABZON', 'SÜRMENE'),
(915, 'TRABZON', 'ŞALPAZARI'),
(916, 'TRABZON', 'TONYA'),
(917, 'TRABZON', 'VAKFIKEBİR'),
(918, 'TRABZON', 'YOMRA'),
(919, 'TUNCELİ', 'ÇEMİŞGEZEK'),
(920, 'TUNCELİ', 'HOZAT'),
(921, 'TUNCELİ', 'MAZGİRT'),
(922, 'TUNCELİ', 'MERKEZ'),
(923, 'TUNCELİ', 'NAZIMİYE'),
(924, 'TUNCELİ', 'OVACIK'),
(925, 'TUNCELİ', 'PERTEK'),
(926, 'TUNCELİ', 'PÜLÜMÜR'),
(927, 'UŞAK', 'BANAZ'),
(928, 'UŞAK', 'EŞME'),
(929, 'UŞAK', 'KARAHALLI'),
(930, 'UŞAK', 'MERKEZ'),
(931, 'UŞAK', 'SİVASLI'),
(932, 'UŞAK', 'ULUBEY'),
(933, 'VAN', 'BAHÇESARAY'),
(934, 'VAN', 'BAŞKALE'),
(935, 'VAN', 'ÇALDIRAN'),
(936, 'VAN', 'ÇATAK'),
(937, 'VAN', 'EDREMİT'),
(938, 'VAN', 'ERCİŞ'),
(939, 'VAN', 'GEVAŞ'),
(940, 'VAN', 'GÜRPINAR'),
(941, 'VAN', 'İPEKYOLU'),
(942, 'VAN', 'MURADİYE'),
(943, 'VAN', 'ÖZALP'),
(944, 'VAN', 'SARAY'),
(945, 'VAN', 'TUŞBA'),
(946, 'YALOVA', 'ALTINOVA'),
(947, 'YALOVA', 'ARMUTLU'),
(948, 'YALOVA', 'ÇINARCIK'),
(949, 'YALOVA', 'ÇİFTLİKKÖY'),
(950, 'YALOVA', 'MERKEZ'),
(951, 'YALOVA', 'TERMAL'),
(952, 'YOZGAT', 'AKDAĞMADENİ'),
(953, 'YOZGAT', 'AYDINCIK'),
(954, 'YOZGAT', 'BOĞAZLIYAN'),
(955, 'YOZGAT', 'ÇANDIR'),
(956, 'YOZGAT', 'ÇAYIRALAN'),
(957, 'YOZGAT', 'ÇEKEREK'),
(958, 'YOZGAT', 'KADIŞEHRİ'),
(959, 'YOZGAT', 'MERKEZ'),
(960, 'YOZGAT', 'SARAYKENT'),
(961, 'YOZGAT', 'SARIKAYA'),
(962, 'YOZGAT', 'SORGUN'),
(963, 'YOZGAT', 'ŞEFAATLİ'),
(964, 'YOZGAT', 'YENİFAKILI'),
(965, 'YOZGAT', 'YERKÖY'),
(966, 'ZONGULDAK', 'ALAPLI'),
(967, 'ZONGULDAK', 'ÇAYCUMA'),
(968, 'ZONGULDAK', 'DEVREK'),
(969, 'ZONGULDAK', 'EREĞLİ'),
(970, 'ZONGULDAK', 'GÖKÇEBEY'),
(971, 'ZONGULDAK', 'KİLİMLİ'),
(972, 'ZONGULDAK', 'KOZLU'),
(973, 'ZONGULDAK', 'MERKEZ');

-- --------------------------------------------------------

--
-- Tablo için tablo yapısı `iller`
--

DROP TABLE IF EXISTS `iller`;
CREATE TABLE IF NOT EXISTS `iller` (
  `id` int(2) NOT NULL,
  `il` varchar(50) NOT NULL,
  PRIMARY KEY (`id`)
) ENGINE=InnoDB DEFAULT CHARSET=utf8;

--
-- Tablo döküm verisi `iller`
--

INSERT INTO `iller` (`id`, `il`) VALUES
(1, 'ADANA'),
(2, 'ADIYAMAN'),
(3, 'AFYONKARAHİSAR'),
(4, 'AĞRI'),
(5, 'AMASYA'),
(6, 'ANKARA'),
(7, 'ANTALYA'),
(8, 'ARTVİN'),
(9, 'AYDIN'),
(10, 'BALIKESİR'),
(11, 'BİLECİK'),
(12, 'BİNGÖL'),
(13, 'BİTLİS'),
(14, 'BOLU'),
(15, 'BURDUR'),
(16, 'BURSA'),
(17, 'ÇANAKKALE'),
(18, 'ÇANKIRI'),
(19, 'ÇORUM'),
(20, 'DENİZLİ'),
(21, 'DİYARBAKIR'),
(22, 'EDİRNE'),
(23, 'ELAZIĞ'),
(24, 'ERZİNCAN'),
(25, 'ERZURUM'),
(26, 'ESKİŞEHİR'),
(27, 'GAZİANTEP'),
(28, 'GİRESUN'),
(29, 'GÜMÜŞHANE'),
(30, 'HAKKARİ'),
(31, 'HATAY'),
(32, 'ISPARTA'),
(33, 'MERSİN'),
(34, 'İSTANBUL'),
(35, 'İZMİR'),
(36, 'KARS'),
(37, 'KASTAMONU'),
(38, 'KAYSERİ'),
(39, 'KIRKLARELİ'),
(40, 'KIRŞEHİR'),
(41, 'KOCAELİ'),
(42, 'KONYA'),
(43, 'KÜTAHYA'),
(44, 'MALATYA'),
(45, 'MANİSA'),
(46, 'KAHRAMANMARAŞ'),
(47, 'MARDİN'),
(48, 'MUĞLA'),
(49, 'MUŞ'),
(50, 'NEVŞEHİR'),
(51, 'NİĞDE'),
(52, 'ORDU'),
(53, 'RİZE'),
(54, 'SAKARYA'),
(55, 'SAMSUN'),
(56, 'SİİRT'),
(57, 'SİNOP'),
(58, 'SİVAS'),
(59, 'TEKİRDAĞ'),
(60, 'TOKAT'),
(61, 'TRABZON'),
(62, 'TUNCELİ'),
(63, 'ŞANLIURFA'),
(64, 'UŞAK'),
(65, 'VAN'),
(66, 'YOZGAT'),
(67, 'ZONGULDAK'),
(68, 'AKSARAY'),
(69, 'BAYBURT'),
(70, 'KARAMAN'),
(71, 'KIRIKKALE'),
(72, 'BATMAN'),
(73, 'ŞIRNAK'),
(74, 'BARTIN'),
(75, 'ARDAHAN'),
(76, 'IĞDIR'),
(77, 'YALOVA'),
(78, 'KARABÜK'),
(79, 'KİLİS'),
(80, 'OSMANİYE'),
(81, 'DÜZCE');

-- --------------------------------------------------------

--
-- Tablo için tablo yapısı `orders`
--

DROP TABLE IF EXISTS `orders`;
CREATE TABLE IF NOT EXISTS `orders` (
  `id` int(11) NOT NULL AUTO_INCREMENT,
  `user_id` int(11) NOT NULL,
  `user_name` varchar(200) COLLATE utf8_turkish_ci NOT NULL,
  `total` int(11) NOT NULL,
  `created_at` timestamp NOT NULL DEFAULT CURRENT_TIMESTAMP,
  `shipping_key` varchar(50) COLLATE utf8_turkish_ci NOT NULL DEFAULT '0',
  `buyer_name` varchar(100) COLLATE utf8_turkish_ci NOT NULL,
  `buyer_phone` varchar(50) COLLATE utf8_turkish_ci NOT NULL,
  `address` varchar(250) COLLATE utf8_turkish_ci NOT NULL,
  `city` varchar(50) COLLATE utf8_turkish_ci NOT NULL,
  `town` varchar(50) COLLATE utf8_turkish_ci NOT NULL,
  `is_approved` tinyint(1) NOT NULL DEFAULT '0',
  `commission_rate` int(3) NOT NULL,
  `order_number` int(11) NOT NULL,
  PRIMARY KEY (`id`)
) ENGINE=InnoDB AUTO_INCREMENT=9 DEFAULT CHARSET=utf8 COLLATE=utf8_turkish_ci;

--
-- Tablo döküm verisi `orders`
--

INSERT INTO `orders` (`id`, `user_id`, `user_name`, `total`, `created_at`, `shipping_key`, `buyer_name`, `buyer_phone`, `address`, `city`, `town`, `is_approved`, `commission_rate`, `order_number`) VALUES
(7, 4, 'Rüstem Sarıca', 16950, '2021-12-30 01:21:46', '55', 'Rüstem Sarıca', '9053070225', '28 haziran mah kent konut3.etap e1 blok daire26', 'BURDUR', 'ALTINYAYLA', 1, 10, 869355585),
(8, 4, 'Rüstem Sarıca', 5655, '2021-12-27 09:59:41', '0', 'Rüstem Sarıca', '0553593004', 'Yiğitler mah 349. sok no70', 'ANTALYA', 'KEPEZ', 0, 10, 851085631);

-- --------------------------------------------------------

--
-- Tablo için tablo yapısı `orders_products`
--

DROP TABLE IF EXISTS `orders_products`;
CREATE TABLE IF NOT EXISTS `orders_products` (
  `id` int(11) NOT NULL AUTO_INCREMENT,
  `order_id` int(11) NOT NULL,
  `quantity` int(11) NOT NULL,
  `product_id` int(11) NOT NULL,
  `unit_price` int(11) NOT NULL,
  `options` varchar(250) COLLATE utf8_turkish_ci NOT NULL,
  `title` varchar(250) COLLATE utf8_turkish_ci NOT NULL,
  PRIMARY KEY (`id`)
) ENGINE=InnoDB AUTO_INCREMENT=9 DEFAULT CHARSET=utf8 COLLATE=utf8_turkish_ci;

--
-- Tablo döküm verisi `orders_products`
--

INSERT INTO `orders_products` (`id`, `order_id`, `quantity`, `product_id`, `unit_price`, `options`, `title`) VALUES
(7, 869355585, 3, 19, 5650, '3', 'Deneme Ürün'),
(8, 851085631, 1, 19, 5655, '1', 'Deneme Ürün');

-- --------------------------------------------------------

--
-- Tablo için tablo yapısı `payouts`
--

DROP TABLE IF EXISTS `payouts`;
CREATE TABLE IF NOT EXISTS `payouts` (
  `id` int(11) NOT NULL AUTO_INCREMENT,
  `user_id` int(11) NOT NULL,
  `user_name` varchar(200) COLLATE utf8_turkish_ci NOT NULL,
  `amount` int(11) NOT NULL,
  `bank` varchar(100) COLLATE utf8_turkish_ci NOT NULL,
  `iban` varchar(250) COLLATE utf8_turkish_ci NOT NULL,
  `iban_name` varchar(150) COLLATE utf8_turkish_ci NOT NULL,
  `status` tinyint(1) NOT NULL DEFAULT '0',
  `is_approved` int(1) NOT NULL DEFAULT '1',
  `updated_at` varchar(50) COLLATE utf8_turkish_ci DEFAULT NULL,
  `created_at` timestamp NOT NULL DEFAULT CURRENT_TIMESTAMP,
  PRIMARY KEY (`id`)
) ENGINE=InnoDB AUTO_INCREMENT=4 DEFAULT CHARSET=utf8 COLLATE=utf8_turkish_ci;

--
-- Tablo döküm verisi `payouts`
--

INSERT INTO `payouts` (`id`, `user_id`, `user_name`, `amount`, `bank`, `iban`, `iban_name`, `status`, `is_approved`, `updated_at`, `created_at`) VALUES
(3, 4, 'Rüstem Sarıca', 1596, 'ING BANK A.Ş.', 'TR00-0000-0000-0000-0000-00', 'Rüstem Sarıca', 1, 1, '2021-12-30 08:19:39', '2021-12-30 05:15:44');

-- --------------------------------------------------------

--
-- Tablo için tablo yapısı `products`
--

DROP TABLE IF EXISTS `products`;
CREATE TABLE IF NOT EXISTS `products` (
  `id` int(11) NOT NULL AUTO_INCREMENT,
  `title` varchar(100) COLLATE utf8_turkish_ci NOT NULL,
  `slug` varchar(150) COLLATE utf8_turkish_ci NOT NULL,
  `price` int(11) NOT NULL,
  `img` varchar(250) COLLATE utf8_turkish_ci NOT NULL,
  `status` int(1) NOT NULL DEFAULT '1',
  `created_at` timestamp NOT NULL DEFAULT CURRENT_TIMESTAMP,
  PRIMARY KEY (`id`)
) ENGINE=InnoDB AUTO_INCREMENT=21 DEFAULT CHARSET=utf8 COLLATE=utf8_turkish_ci;

--
-- Tablo döküm verisi `products`
--

INSERT INTO `products` (`id`, `title`, `slug`, `price`, `img`, `status`, `created_at`) VALUES
(19, 'Deneme Ürün', 'deneme-ueruen', 5655, 'uploads/products/woman-1-1597241748-1597241753.jpeg', 1, '2021-12-29 22:18:55');

-- --------------------------------------------------------

--
-- Tablo için tablo yapısı `settings`
--

DROP TABLE IF EXISTS `settings`;
CREATE TABLE IF NOT EXISTS `settings` (
  `id` tinyint(1) NOT NULL AUTO_INCREMENT,
  `company_name` varchar(150) COLLATE utf8_turkish_ci NOT NULL DEFAULT '0',
  `commission_rate` int(3) NOT NULL DEFAULT '0',
  `updated_at` timestamp NOT NULL,
  `created_at` timestamp NOT NULL DEFAULT CURRENT_TIMESTAMP,
  PRIMARY KEY (`id`)
) ENGINE=InnoDB AUTO_INCREMENT=2 DEFAULT CHARSET=utf8 COLLATE=utf8_turkish_ci;

--
-- Tablo döküm verisi `settings`
--

INSERT INTO `settings` (`id`, `company_name`, `commission_rate`, `updated_at`, `created_at`) VALUES
(1, 'AYL HOME', 10, '2021-12-28 23:02:43', '2021-12-29 09:10:50');

-- --------------------------------------------------------

--
-- Tablo için tablo yapısı `users`
--

DROP TABLE IF EXISTS `users`;
CREATE TABLE IF NOT EXISTS `users` (
  `id` int(11) NOT NULL AUTO_INCREMENT,
  `first_name` varchar(50) COLLATE utf8_turkish_ci NOT NULL,
  `last_name` varchar(100) COLLATE utf8_turkish_ci NOT NULL,
  `email` varchar(150) COLLATE utf8_turkish_ci NOT NULL,
  `username` varchar(50) COLLATE utf8_turkish_ci NOT NULL,
  `token` varchar(500) COLLATE utf8_turkish_ci NOT NULL,
  `password` varchar(255) COLLATE utf8_turkish_ci NOT NULL,
  `role` varchar(50) COLLATE utf8_turkish_ci NOT NULL DEFAULT 'member',
  `number_of_sales` int(11) NOT NULL DEFAULT '0',
  `phone_number` varchar(50) COLLATE utf8_turkish_ci NOT NULL,
  `iban` varchar(250) COLLATE utf8_turkish_ci NOT NULL,
  `bank` varchar(80) COLLATE utf8_turkish_ci NOT NULL,
  `balance` bigint(20) NOT NULL DEFAULT '0',
  `created_at` timestamp NOT NULL DEFAULT CURRENT_TIMESTAMP,
  `status` tinyint(1) NOT NULL DEFAULT '0',
  `iban_name` varchar(150) COLLATE utf8_turkish_ci NOT NULL,
  `img` varchar(250) COLLATE utf8_turkish_ci NOT NULL,
  PRIMARY KEY (`id`)
) ENGINE=InnoDB AUTO_INCREMENT=5 DEFAULT CHARSET=utf8 COLLATE=utf8_turkish_ci;

--
-- Tablo döküm verisi `users`
--

INSERT INTO `users` (`id`, `first_name`, `last_name`, `email`, `username`, `token`, `password`, `role`, `number_of_sales`, `phone_number`, `iban`, `bank`, `balance`, `created_at`, `status`, `iban_name`, `img`) VALUES
(3, 'John', 'Doe', 'deneme@gmail.com', 'johndoe', '61cb45ddc98b19-74067455-42697029', '$2a$08$nGxd4//qEA4VgWJnR/XRfOI0ecznI5IGvafGY74aoTXVeK/.GK3mK', 'admin', 0, '', '', '', 2230, '2021-12-28 14:14:05', 1, '', ''),
(4, 'Rüstem', 'Sarıca', 'rustemsarica1@gmail.com', 'rustem01', '61ccf8085f5020-30493029-68313358', '$2a$08$ZaTRtpb/9Q41meAzqlY6dOxXBgabC7QWlQdkFPsxUYB3LTlt5b4N.', 'member', 0, '5307022544', 'TR00-0000-0000-0000-0000-00', 'ING BANK A.Ş.', 99, '2021-12-30 00:06:32', 1, 'Rüstem Sarıca', 'uploads/users/WhatsApp_Image_2021-12-26_at_17_11_10.jpeg');
COMMIT;

/*!40101 SET CHARACTER_SET_CLIENT=@OLD_CHARACTER_SET_CLIENT */;
/*!40101 SET CHARACTER_SET_RESULTS=@OLD_CHARACTER_SET_RESULTS */;
/*!40101 SET COLLATION_CONNECTION=@OLD_COLLATION_CONNECTION */;
